{
  "config": {
    "type": "rl",
    "num_gpus": 8,
    "model_name": "PrimeIntellect/INTELLECT-3",
    "lora_rank": 16,
    "seq_len": 16384,
    "ac": "Recompute",
    "attention": "flash_attention_2",
    "output": "/tmp/benchmark_result.json",
    "dry_run": false,
    "timeout": 3300,
    "micro_batches": 2,
    "docker_image": "primeintellect/prime-rl-jackmin@sha256:2100834906f848dd412c6eea279cb3f0a4da5be1810a43abdba698aee6af96cd",
    "device_name": "NVIDIA H200",
    "commit_sha": "unknown",
    "timestamp": "2026-01-14T01:56:08.871229+00:00",
    "success": true,
    "error_reason": null,
    "time_taken": 225.47849112399854
  },
  "metrics": {
    "mfu": {
      "mean": 15.8081104287101,
      "std": 0.011013734151442332,
      "min": 15.796154961379866,
      "max": 15.817843484018624
    },
    "throughput": {
      "mean": 13322.012048208044,
      "std": 9.281634242305831,
      "min": 13311.93678459361,
      "max": 13330.214412473575
    },
    "step_time": {
      "mean": 19.691982735331596,
      "std": 0.031999529307611546,
      "min": 19.664974463998078,
      "max": 19.72732456399899
    },
    "peak_memory": {
      "gib": 90.171875,
      "pct": 64.5002372847465
    }
  }
}