{
  "config": {
    "type": "rl",
    "num_gpus": 8,
    "model_name": "Qwen/Qwen3-30B-A3B-Instruct-2507",
    "lora_rank": null,
    "seq_len": 16384,
    "ac": "Recompute",
    "attention": "flash_attention_2",
    "output": "/tmp/benchmark_result.json",
    "dry_run": false,
    "timeout": 1500,
    "micro_batches": 2,
    "docker_image": "primeintellect/prime-rl-jackmin@sha256:2100834906f848dd412c6eea279cb3f0a4da5be1810a43abdba698aee6af96cd",
    "device_name": "NVIDIA B200",
    "commit_sha": "unknown",
    "timestamp": "2026-01-14T03:05:36.667894+00:00",
    "success": true,
    "error_reason": null,
    "time_taken": 231.54244018999998
  },
  "metrics": {
    "mfu": {
      "mean": 1.486573018338239,
      "std": 0.003129818896133115,
      "min": 1.4840136802529937,
      "max": 1.4900624628777508
    },
    "throughput": {
      "mean": 7120.873167561153,
      "std": 14.99222918879161,
      "min": 7108.613613759811,
      "max": 7137.588049161035
    },
    "step_time": {
      "mean": 5.581564163333799,
      "std": 0.009658851893612746,
      "min": 5.57187008100118,
      "max": 5.591187395000816
    },
    "peak_memory": {
      "gib": 74.529296875,
      "pct": 41.78559818223505
    }
  }
}