{
  "config": {
    "type": "sft",
    "num_gpus": 2,
    "model_name": "Qwen/Qwen3-0.6B",
    "lora_rank": null,
    "seq_len": 8192,
    "ac": "Recompute",
    "attention": "flash_attention_2",
    "output": "/tmp/benchmark_result.json",
    "dry_run": false,
    "timeout": 1800,
    "micro_batches": 2,
    "docker_image": "primeintellect/prime-rl-jackmin@sha256:04c57cdddfe41c4aeb5bf5aab7944ed7574162d78ced8a491acd276ee0e8f587",
    "device_name": "NVIDIA RTX A6000",
    "commit_sha": "unknown",
    "timestamp": "2026-01-12T21:23:13.463176+00:00",
    "success": true,
    "error_reason": null
  },
  "metrics": {
    "mfu": {
      "mean": 10.574065511030888,
      "std": 0.03803433862049157,
      "min": 10.530540290460287,
      "max": 10.600905255843527
    },
    "throughput": {
      "mean": 10318.615949607161,
      "std": 37.115500439518904,
      "min": 10276.142216611895,
      "max": 10344.807296598361
    },
    "step_time": {
      "mean": 3.132324610671882,
      "std": 0.005642347502176699,
      "min": 3.128723871021066,
      "max": 3.138827329996275
    },
    "peak_memory": {
      "gib": 24.958984375,
      "pct": 52.5055596357604
    }
  }
}