{
  "config": {
    "type": "rl",
    "num_gpus": 1,
    "model_name": "Qwen/Qwen3-0.6B",
    "lora_rank": 16,
    "seq_len": 8192,
    "ac": "Recompute",
    "attention": "flash_attention_2",
    "output": "/tmp/benchmark_result.json",
    "dry_run": false,
    "timeout": 1500,
    "micro_batches": 2,
    "docker_image": "primeintellect/prime-rl-jackmin@sha256:9d9093cc3859822777c381cb8f4874098e8b28168760fccf5cfeab5fb88e2d13",
    "device_name": "NVIDIA H100 80GB HBM3",
    "commit_sha": "unknown",
    "timestamp": "2026-01-13T01:11:47.258811+00:00",
    "success": true,
    "error_reason": null
  },
  "metrics": {
    "mfu": {
      "mean": 5.4791121049203,
      "std": 0.010052551944817696,
      "min": 5.470883621196433,
      "max": 5.490316681210721
    },
    "throughput": {
      "mean": 10295.98110827349,
      "std": 18.890083453637697,
      "min": 10280.518691854855,
      "max": 10317.035998847603
    },
    "step_time": {
      "mean": 1.5932848983308456,
      "std": 0.004854443510324427,
      "min": 1.5876867240003776,
      "max": 1.5963308759965003
    },
    "peak_memory": {
      "gib": 4.126953125,
      "pct": 5.212192410808577
    }
  }
}