{
  "config": {
    "type": "rl",
    "num_gpus": 8,
    "model_name": "Qwen/Qwen3-30B-A3B-Instruct-2507",
    "lora_rank": null,
    "seq_len": 16384,
    "ac": "Recompute",
    "attention": "flash_attention_2",
    "output": "/tmp/benchmark_result.json",
    "dry_run": false,
    "timeout": 1500,
    "micro_batches": 2,
    "docker_image": "primeintellect/prime-rl-jackmin@sha256:2100834906f848dd412c6eea279cb3f0a4da5be1810a43abdba698aee6af96cd",
    "device_name": "NVIDIA H200",
    "commit_sha": "unknown",
    "timestamp": "2026-01-14T02:01:49.748804+00:00",
    "success": true,
    "error_reason": null,
    "time_taken": 261.78094739099834
  },
  "metrics": {
    "mfu": {
      "mean": 2.8450127335836313,
      "std": 0.0025343993564245653,
      "min": 2.843087382496265,
      "max": 2.847884059826271
    },
    "throughput": {
      "mean": 5990.250616114641,
      "std": 5.3362458196029,
      "min": 5986.19673776071,
      "max": 5996.296270529823
    },
    "step_time": {
      "mean": 6.835827489667281,
      "std": 0.00752606266952261,
      "min": 6.830015892999654,
      "max": 6.844328877999942
    },
    "peak_memory": {
      "gib": 74.587890625,
      "pct": 53.352962261028935
    }
  }
}