{
  "config": {
    "type": "rl",
    "num_gpus": 2,
    "model_name": "Qwen/Qwen3-0.6B",
    "lora_rank": 16,
    "seq_len": 8192,
    "ac": "Recompute",
    "attention": "flash_attention_2",
    "output": "/tmp/benchmark_result.json",
    "dry_run": false,
    "timeout": 1800,
    "micro_batches": 2,
    "docker_image": "primeintellect/prime-rl-jackmin@sha256:f6197cf716f6c2358437ad807e09cc877f3099102d044b47c51fe5bbd79a0e27",
    "device_name": "NVIDIA RTX A6000",
    "commit_sha": "unknown",
    "timestamp": "2026-01-12T20:03:10.304012+00:00",
    "success": true,
    "error_reason": null
  },
  "metrics": {
    "mfu": {
      "mean": 4.611186447691645,
      "std": 0.02651786806263381,
      "min": 4.58129329867769,
      "max": 4.631877328780741
    },
    "throughput": {
      "mean": 5467.119055624316,
      "std": 31.440138767828778,
      "min": 5431.677113195676,
      "max": 5491.650596815081
    },
    "step_time": {
      "mean": 6.0322465229934705,
      "std": 0.1150083600359106,
      "min": 5.951633259013761,
      "max": 6.16394817197579
    },
    "peak_memory": {
      "gib": 23.759765625,
      "pct": 49.9827946606953
    }
  }
}