{
  "config": {
    "type": "sft",
    "num_gpus": 8,
    "model_name": "Qwen/Qwen3-30B-A3B-Instruct-2507",
    "lora_rank": null,
    "seq_len": 16384,
    "ac": "Recompute",
    "attention": "flash_attention_2",
    "output": "/tmp/benchmark_result.json",
    "dry_run": false,
    "timeout": 1500,
    "micro_batches": 2,
    "docker_image": "primeintellect/prime-rl-jackmin@sha256:2100834906f848dd412c6eea279cb3f0a4da5be1810a43abdba698aee6af96cd",
    "device_name": "NVIDIA H200",
    "commit_sha": "unknown",
    "timestamp": "2026-01-14T02:06:29.066013+00:00",
    "success": true,
    "error_reason": null,
    "time_taken": 106.201109413003
  },
  "metrics": {
    "mfu": {
      "mean": 18.353615772698365,
      "std": 1.0532519859530347,
      "min": 17.178134104316342,
      "max": 19.211582218901587
    },
    "throughput": {
      "mean": 38644.03026831161,
      "std": 2217.6503054985956,
      "min": 36169.02208815933,
      "max": 40450.50163215004
    },
    "step_time": {
      "mean": 6.431103177666955,
      "std": 0.6664530536156316,
      "min": 6.038009596999473,
      "max": 7.200596519000101
    },
    "peak_memory": {
      "gib": 106.423828125,
      "pct": 76.12531254133928
    }
  }
}