{
  "config": {
    "type": "rl",
    "num_gpus": 8,
    "model_name": "Qwen/Qwen3-4B-Instruct-2507",
    "lora_rank": 16,
    "seq_len": 65536,
    "ac": "Recompute",
    "attention": "flash_attention_2",
    "output": "/tmp/benchmark_result.json",
    "dry_run": false,
    "timeout": 1500,
    "micro_batches": 2,
    "docker_image": "primeintellect/prime-rl-jackmin@sha256:2100834906f848dd412c6eea279cb3f0a4da5be1810a43abdba698aee6af96cd",
    "device_name": "NVIDIA H100 80GB HBM3",
    "commit_sha": "unknown",
    "timestamp": "2026-01-14T01:19:36.500065+00:00",
    "success": true,
    "error_reason": null,
    "time_taken": 268.82602011200015
  },
  "metrics": {
    "mfu": {
      "mean": 24.35857098799515,
      "std": 0.0007268119144914273,
      "min": 24.357823381064097,
      "max": 24.35927504661435
    },
    "throughput": {
      "mean": 21711.86354297309,
      "std": 0.6478393628515731,
      "min": 21711.197168099174,
      "max": 21712.491101325086
    },
    "step_time": {
      "mean": 48.29605744866664,
      "std": 0.002955377079286135,
      "min": 48.29326923900044,
      "max": 48.299155568999595
    },
    "peak_memory": {
      "gib": 28.849609375,
      "pct": 36.42222696544884
    }
  }
}