{
  "config": {
    "type": "rl",
    "num_gpus": 8,
    "model_name": "Qwen/Qwen3-4B-Instruct-2507",
    "lora_rank": null,
    "seq_len": 16384,
    "ac": "Recompute",
    "attention": "flash_attention_3",
    "output": "/tmp/benchmark_result.json",
    "dry_run": false,
    "timeout": 1500,
    "micro_batches": 2,
    "docker_image": "primeintellect/prime-rl-jackmin@sha256:2100834906f848dd412c6eea279cb3f0a4da5be1810a43abdba698aee6af96cd",
    "device_name": "NVIDIA H200",
    "commit_sha": "unknown",
    "timestamp": "2026-01-14T00:43:24.074412+00:00",
    "success": true,
    "error_reason": null,
    "time_taken": 101.85737650200099
  },
  "metrics": {
    "mfu": {
      "mean": 13.618825859457433,
      "std": 0.09730723473436911,
      "min": 13.509423493206665,
      "max": 13.695709008809894
    },
    "throughput": {
      "mean": 25501.64147678924,
      "std": 182.21058400349597,
      "min": 25296.78241260625,
      "max": 25645.607375951633
    },
    "step_time": {
      "mean": 4.433968788333004,
      "std": 0.13009000554638656,
      "min": 4.356338620000315,
      "max": 4.584155220998582
    },
    "peak_memory": {
      "gib": 17.095703125,
      "pct": 12.228612392856222
    }
  }
}