{
  "config": {
    "type": "sft",
    "num_gpus": 2,
    "model_name": "Qwen/Qwen3-0.6B",
    "lora_rank": null,
    "seq_len": 8192,
    "ac": "Recompute",
    "attention": "flash_attention_2",
    "output": "/tmp/benchmark_result.json",
    "dry_run": false,
    "timeout": 1800,
    "micro_batches": 2,
    "docker_image": "primeintellect/prime-rl-jackmin@sha256:f6197cf716f6c2358437ad807e09cc877f3099102d044b47c51fe5bbd79a0e27",
    "device_name": "NVIDIA H100 80GB HBM3",
    "commit_sha": "unknown",
    "timestamp": "2026-01-12T20:02:13.034522+00:00",
    "success": true,
    "error_reason": null
  },
  "metrics": {
    "mfu": {
      "mean": 13.365782044379422,
      "std": 0.0623640718592428,
      "min": 13.312124836231298,
      "max": 13.434203381823346
    },
    "throughput": {
      "mean": 41344.288675636395,
      "std": 192.91038723925092,
      "min": 41178.3111745939,
      "max": 41555.93596402266
    },
    "step_time": {
      "mean": 0.7879567793279421,
      "std": 0.011856195471588992,
      "min": 0.7742741120018763,
      "max": 0.7951953939918894
    },
    "peak_memory": {
      "gib": 24.986328125,
      "pct": 31.556827975141566
    }
  }
}