{
  "config": {
    "type": "rl",
    "num_gpus": 2,
    "model_name": "Qwen/Qwen3-4B",
    "lora_rank": 16,
    "seq_len": 8192,
    "ac": "Recompute",
    "attention": "flash_attention_2",
    "output": "/tmp/benchmark_result.json",
    "dry_run": false,
    "timeout": 1800,
    "micro_batches": 2,
    "docker_image": "primeintellect/prime-rl-jackmin@sha256:04c57cdddfe41c4aeb5bf5aab7944ed7574162d78ced8a491acd276ee0e8f587",
    "device_name": "NVIDIA H100 80GB HBM3",
    "commit_sha": "unknown",
    "timestamp": "2026-01-12T21:20:37.183993+00:00",
    "success": true,
    "error_reason": null
  },
  "metrics": {
    "mfu": {
      "mean": 11.169423994215585,
      "std": 0.012671051548288034,
      "min": 11.154818699869784,
      "max": 11.177481346724214
    },
    "throughput": {
      "mean": 8716.278347825073,
      "std": 9.888102762659418,
      "min": 8704.88082088583,
      "max": 8722.56606035601
    },
    "step_time": {
      "mean": 3.7563109890033957,
      "std": 0.007146783484413631,
      "min": 3.7497057110012975,
      "max": 3.7638978129980387
    },
    "peak_memory": {
      "gib": 33.80078125,
      "pct": 42.68916320939576
    }
  }
}