{
  "config": {
    "type": "rl",
    "num_gpus": 8,
    "model_name": "Qwen/Qwen3-30B-A3B-Instruct-2507",
    "lora_rank": 16,
    "seq_len": 16384,
    "ac": "Recompute",
    "attention": "flash_attention_2",
    "output": "/tmp/benchmark_result.json",
    "dry_run": false,
    "timeout": 1500,
    "micro_batches": 2,
    "docker_image": "primeintellect/prime-rl-jackmin@sha256:9d9093cc3859822777c381cb8f4874098e8b28168760fccf5cfeab5fb88e2d13",
    "device_name": "NVIDIA H200",
    "commit_sha": "unknown",
    "timestamp": "2026-01-13T02:21:39.530281+00:00",
    "success": true,
    "error_reason": null
  },
  "metrics": {
    "mfu": {
      "mean": 13.99941516112697,
      "std": 0.0038374534735304525,
      "min": 13.99521168169093,
      "max": 14.002731034130345
    },
    "throughput": {
      "mean": 30298.78921933238,
      "std": 8.305360802241486,
      "min": 30289.691672330984,
      "max": 30305.96572892589
    },
    "step_time": {
      "mean": 8.649441579000268,
      "std": 0.004104841958279653,
      "min": 8.646447312999953,
      "max": 8.65412077200017
    },
    "peak_memory": {
      "gib": 31.765625,
      "pct": 22.722055518955056
    }
  }
}