{
  "config": {
    "type": "rl",
    "num_gpus": 8,
    "model_name": "Qwen/Qwen3-4B-Instruct-2507",
    "lora_rank": null,
    "seq_len": 16384,
    "ac": "Recompute",
    "attention": "flash_attention_2",
    "output": "/tmp/benchmark_result.json",
    "dry_run": false,
    "timeout": 1500,
    "micro_batches": 2,
    "docker_image": "primeintellect/prime-rl-jackmin@sha256:2100834906f848dd412c6eea279cb3f0a4da5be1810a43abdba698aee6af96cd",
    "device_name": "NVIDIA H100 80GB HBM3",
    "commit_sha": "unknown",
    "timestamp": "2026-01-14T01:14:56.575302+00:00",
    "success": true,
    "error_reason": null,
    "time_taken": 87.94666556599987
  },
  "metrics": {
    "mfu": {
      "mean": 13.52428908151063,
      "std": 0.04046093441033384,
      "min": 13.48113145982665,
      "max": 13.561364730136313
    },
    "throughput": {
      "mean": 25324.61865246874,
      "std": 75.76425851951593,
      "min": 25243.80476979386,
      "max": 25394.04386639898
    },
    "step_time": {
      "mean": 5.8403548263333205,
      "std": 0.04532988010652612,
      "min": 5.808875611000076,
      "max": 5.892310345999704
    },
    "peak_memory": {
      "gib": 17.095703125,
      "pct": 21.583085277135858
    }
  }
}