{
  "config": {
    "type": "rl",
    "num_gpus": 8,
    "model_name": "Qwen/Qwen3-4B-Instruct-2507",
    "lora_rank": 16,
    "seq_len": 16384,
    "ac": "Recompute",
    "attention": "flash_attention_2",
    "output": "/tmp/benchmark_result.json",
    "dry_run": false,
    "timeout": 1500,
    "micro_batches": 2,
    "docker_image": "primeintellect/prime-rl-jackmin@sha256:2100834906f848dd412c6eea279cb3f0a4da5be1810a43abdba698aee6af96cd",
    "device_name": "NVIDIA B200",
    "commit_sha": "unknown",
    "timestamp": "2026-01-14T02:01:51.900834+00:00",
    "success": true,
    "error_reason": null,
    "time_taken": 99.25059357000009
  },
  "metrics": {
    "mfu": {
      "mean": 8.786388167256826,
      "std": 0.06782835757652506,
      "min": 8.708390829409716,
      "max": 8.831551052116062
    },
    "throughput": {
      "mean": 45966.38475092613,
      "std": 354.84710236281086,
      "min": 45558.338171059666,
      "max": 46202.656413682584
    },
    "step_time": {
      "mean": 5.7536730980003385,
      "std": 0.1254956238394725,
      "min": 5.673376487000496,
      "max": 5.8982890650004265
    },
    "peak_memory": {
      "gib": 10.216796875,
      "pct": 5.728149691849144
    }
  }
}