{
  "config": {
    "type": "rl",
    "num_gpus": 2,
    "model_name": "Qwen/Qwen3-0.6B",
    "lora_rank": 16,
    "seq_len": 8192,
    "ac": "Recompute",
    "attention": "flash_attention_2",
    "output": "/tmp/benchmark_result.json",
    "dry_run": false,
    "timeout": 1800,
    "micro_batches": 2,
    "docker_image": "primeintellect/prime-rl-jackmin@sha256:04c57cdddfe41c4aeb5bf5aab7944ed7574162d78ced8a491acd276ee0e8f587",
    "device_name": "NVIDIA H100 80GB HBM3",
    "commit_sha": "unknown",
    "timestamp": "2026-01-12T21:25:50.137669+00:00",
    "success": true,
    "error_reason": null
  },
  "metrics": {
    "mfu": {
      "mean": 5.50050746539544,
      "std": 0.005976540449755718,
      "min": 5.495206101416105,
      "max": 5.506984462938813
    },
    "throughput": {
      "mean": 20672.371678167212,
      "std": 22.461430386964214,
      "min": 20652.447740735704,
      "max": 20696.713959568977
    },
    "step_time": {
      "mean": 1.5861909493348019,
      "std": 0.002962213100142123,
      "min": 1.582844500997453,
      "max": 1.5884770920092706
    },
    "peak_memory": {
      "gib": 23.787109375,
      "pct": 30.042258102810067
    }
  }
}