{
  "config": {
    "type": "rl",
    "num_gpus": 8,
    "model_name": "Qwen/Qwen3-4B-Instruct-2507",
    "lora_rank": 16,
    "seq_len": 16384,
    "ac": "Recompute",
    "attention": "flash_attention_2",
    "output": "/tmp/benchmark_result.json",
    "dry_run": false,
    "timeout": 1500,
    "micro_batches": 2,
    "docker_image": "primeintellect/prime-rl-jackmin@sha256:2100834906f848dd412c6eea279cb3f0a4da5be1810a43abdba698aee6af96cd",
    "device_name": "NVIDIA H100 80GB HBM3",
    "commit_sha": "unknown",
    "timestamp": "2026-01-14T01:17:42.608977+00:00",
    "success": true,
    "error_reason": null,
    "time_taken": 101.66638124699966
  },
  "metrics": {
    "mfu": {
      "mean": 17.42844100538862,
      "std": 0.012346466331713714,
      "min": 17.41662268369494,
      "max": 17.441255286447205
    },
    "throughput": {
      "mean": 40077.65259458083,
      "std": 28.391374091358006,
      "min": 40050.475717948895,
      "max": 40107.119734203734
    },
    "step_time": {
      "mean": 6.535624783999992,
      "std": 0.009877524426063504,
      "min": 6.525259849000122,
      "max": 6.544929335999768
    },
    "peak_memory": {
      "gib": 10.255859375,
      "pct": 12.947878531959372
    }
  }
}