{
  "config": {
    "type": "rl",
    "num_gpus": 2,
    "model_name": "Qwen/Qwen3-4B",
    "lora_rank": 16,
    "seq_len": 8192,
    "ac": "Recompute",
    "attention": "flash_attention_2",
    "output": "/tmp/benchmark_result.json",
    "dry_run": false,
    "timeout": 1800,
    "micro_batches": 2,
    "docker_image": "primeintellect/prime-rl-jackmin@sha256:f6197cf716f6c2358437ad807e09cc877f3099102d044b47c51fe5bbd79a0e27",
    "device_name": "NVIDIA RTX A6000",
    "commit_sha": "unknown",
    "timestamp": "2026-01-12T20:08:19.897018+00:00",
    "success": true,
    "error_reason": null
  },
  "metrics": {
    "mfu": {
      "mean": 5.715994552381496,
      "std": 0.05150743899213495,
      "min": 5.683497081131681,
      "max": 5.775382041387837
    },
    "throughput": {
      "mean": 1407.1824890135983,
      "std": 12.680272092539036,
      "min": 1399.1821538031825,
      "max": 1421.8026979431872
    },
    "step_time": {
      "mean": 23.04640680200343,
      "std": 0.6457393226288748,
      "min": 22.30124632801744,
      "max": 23.442034246982075
    },
    "peak_memory": {
      "gib": 33.7890625,
      "pct": 71.08116297821856
    }
  }
}