{
  "config": {
    "type": "sft",
    "num_gpus": 1,
    "model_name": "Qwen/Qwen3-0.6B",
    "lora_rank": null,
    "seq_len": 8192,
    "ac": "Recompute",
    "attention": "flash_attention_2",
    "output": "/tmp/benchmark_result.json",
    "dry_run": false,
    "timeout": 1500,
    "micro_batches": 2,
    "docker_image": "primeintellect/prime-rl-jackmin@sha256:2100834906f848dd412c6eea279cb3f0a4da5be1810a43abdba698aee6af96cd",
    "device_name": "NVIDIA RTX A6000",
    "commit_sha": "unknown",
    "timestamp": "2026-01-14T00:40:48.256553+00:00",
    "success": true,
    "error_reason": null,
    "time_taken": 45.96197368900175
  },
  "metrics": {
    "mfu": {
      "mean": 13.48407922023788,
      "std": 0.17253470455939576,
      "min": 13.30354183586578,
      "max": 13.647306214970373
    },
    "throughput": {
      "mean": 6579.164596746872,
      "std": 84.18329508504094,
      "min": 6491.076626611878,
      "max": 6658.80646531181
    },
    "step_time": {
      "mean": 2.4822090193338227,
      "std": 0.05036352137827003,
      "min": 2.45128598199517,
      "max": 2.5403238919971045
    },
    "peak_memory": {
      "gib": 31.21484375,
      "pct": 65.85160777769623
    }
  }
}