{
  "config": {
    "type": "rl",
    "num_gpus": 8,
    "model_name": "Qwen/Qwen3-4B-Instruct-2507",
    "lora_rank": null,
    "seq_len": 16384,
    "ac": "Recompute",
    "attention": "flash_attention_2",
    "output": "/tmp/benchmark_result.json",
    "dry_run": false,
    "timeout": 1500,
    "micro_batches": 2,
    "docker_image": "primeintellect/prime-rl-jackmin@sha256:9d9093cc3859822777c381cb8f4874098e8b28168760fccf5cfeab5fb88e2d13",
    "device_name": "NVIDIA B200",
    "commit_sha": "unknown",
    "timestamp": "2026-01-13T04:16:11.743473+00:00",
    "success": true,
    "error_reason": null
  },
  "metrics": {
    "mfu": {
      "mean": 6.642807507184284,
      "std": 0.03837875010778063,
      "min": 6.600110879971511,
      "max": 6.674435751642849
    },
    "throughput": {
      "mean": 28298.6920668884,
      "std": 163.49539408413304,
      "min": 28116.802300478306,
      "max": 28433.429969436565
    },
    "step_time": {
      "mean": 4.6328609760009085,
      "std": 0.06681732063357837,
      "min": 4.582188467000378,
      "max": 4.708583508001539
    },
    "peak_memory": {
      "gib": 17.037109375,
      "pct": 9.55202633569109
    }
  }
}