{
  "config": {
    "type": "rl",
    "num_gpus": 8,
    "model_name": "Qwen/Qwen3-30B-A3B-Instruct-2507",
    "lora_rank": null,
    "seq_len": 16384,
    "ac": "Recompute",
    "attention": "flash_attention_2",
    "output": "/tmp/benchmark_result.json",
    "dry_run": false,
    "timeout": 1500,
    "micro_batches": 2,
    "docker_image": "primeintellect/prime-rl-jackmin@sha256:9d9093cc3859822777c381cb8f4874098e8b28168760fccf5cfeab5fb88e2d13",
    "device_name": "NVIDIA B200",
    "commit_sha": "unknown",
    "timestamp": "2026-01-13T05:07:24.909697+00:00",
    "success": true,
    "error_reason": null
  },
  "metrics": {
    "mfu": {
      "mean": 1.5022590223446695,
      "std": 0.00013772658671484393,
      "min": 1.5021119356837622,
      "max": 1.5023849369298865
    },
    "throughput": {
      "mean": 7196.011114811471,
      "std": 0.6597278059667435,
      "min": 7195.306551063819,
      "max": 7196.6142616332
    },
    "step_time": {
      "mean": 5.5571527350002725,
      "std": 0.017254170739389472,
      "min": 5.542016593000881,
      "max": 5.575940400998661
    },
    "peak_memory": {
      "gib": 74.529296875,
      "pct": 41.78559818223505
    }
  }
}