{
  "config": {
    "type": "rl",
    "num_gpus": 8,
    "model_name": "Qwen/Qwen3-4B-Instruct-2507",
    "lora_rank": 16,
    "seq_len": 65536,
    "ac": "Recompute",
    "attention": "flash_attention_3",
    "output": "/tmp/benchmark_result.json",
    "dry_run": false,
    "timeout": 1500,
    "micro_batches": 2,
    "docker_image": "primeintellect/prime-rl-jackmin@sha256:2100834906f848dd412c6eea279cb3f0a4da5be1810a43abdba698aee6af96cd",
    "device_name": "NVIDIA H200",
    "commit_sha": "unknown",
    "timestamp": "2026-01-14T01:27:18.215481+00:00",
    "success": true,
    "error_reason": null,
    "time_taken": 201.63542312000027
  },
  "metrics": {
    "mfu": {
      "mean": 37.09102515442677,
      "std": 0.21946838224704726,
      "min": 36.91242840330502,
      "max": 37.33602764416804
    },
    "throughput": {
      "mean": 33060.858833582104,
      "std": 195.62180267854527,
      "min": 32901.66770978897,
      "max": 33279.24030709189
    },
    "step_time": {
      "mean": 31.869503807333484,
      "std": 0.3134084609779793,
      "min": 31.507893253001384,
      "max": 32.06268723699941
    },
    "peak_memory": {
      "gib": 28.849609375,
      "pct": 20.636219999414973
    }
  }
}