{
  "config": {
    "type": "rl",
    "num_gpus": 2,
    "model_name": "Qwen/Qwen3-0.6B",
    "lora_rank": null,
    "seq_len": 8192,
    "ac": "Recompute",
    "attention": "flash_attention_2",
    "output": "/tmp/benchmark_result.json",
    "dry_run": false,
    "timeout": 1800,
    "micro_batches": 2,
    "docker_image": "primeintellect/prime-rl-jackmin@sha256:04c57cdddfe41c4aeb5bf5aab7944ed7574162d78ced8a491acd276ee0e8f587",
    "device_name": "NVIDIA RTX A6000",
    "commit_sha": "unknown",
    "timestamp": "2026-01-12T21:27:29.572874+00:00",
    "success": true,
    "error_reason": null
  },
  "metrics": {
    "mfu": {
      "mean": 7.14480920074725,
      "std": 0.12952096827546494,
      "min": 6.99984423716834,
      "max": 7.24914369540776
    },
    "throughput": {
      "mean": 6972.20403058984,
      "std": 126.39198496184446,
      "min": 6830.741148242543,
      "max": 7074.017999831381
    },
    "step_time": {
      "mean": 3.5262349133360353,
      "std": 0.004523047208119208,
      "min": 3.521281977009494,
      "max": 3.530146397999488
    },
    "peak_memory": {
      "gib": 24.9765625,
      "pct": 52.542538275460046
    }
  }
}