{
  "config": {
    "type": "rl",
    "num_gpus": 8,
    "model_name": "Qwen/Qwen3-4B-Instruct-2507",
    "lora_rank": null,
    "seq_len": 65536,
    "ac": "Recompute",
    "attention": "flash_attention_2",
    "output": "/tmp/benchmark_result.json",
    "dry_run": false,
    "timeout": 1500,
    "micro_batches": 2,
    "docker_image": "primeintellect/prime-rl-jackmin@sha256:9d9093cc3859822777c381cb8f4874098e8b28168760fccf5cfeab5fb88e2d13",
    "device_name": "NVIDIA H200",
    "commit_sha": "unknown",
    "timestamp": "2026-01-13T01:47:39.534093+00:00",
    "success": true,
    "error_reason": null
  },
  "metrics": {
    "mfu": {
      "mean": 25.130829326851522,
      "std": 0.030689650530417653,
      "min": 25.096525373855965,
      "max": 25.155680897906038
    },
    "throughput": {
      "mean": 20580.958635913685,
      "std": 25.13336985032811,
      "min": 20552.865323573387,
      "max": 20601.310895254526
    },
    "step_time": {
      "mean": 45.13833934799974,
      "std": 0.10722132871908581,
      "min": 45.064868356999796,
      "max": 45.26137619600013
    },
    "peak_memory": {
      "gib": 36.104817708333336,
      "pct": 25.825894263704924
    }
  }
}