{
  "config": {
    "type": "rl",
    "num_gpus": 1,
    "model_name": "Qwen/Qwen3-4B-Instruct-2507",
    "lora_rank": 16,
    "seq_len": 8192,
    "ac": "Recompute",
    "attention": "flash_attention_2",
    "output": "/tmp/benchmark_result.json",
    "dry_run": false,
    "timeout": 1500,
    "micro_batches": 2,
    "docker_image": "primeintellect/prime-rl-jackmin@sha256:9d9093cc3859822777c381cb8f4874098e8b28168760fccf5cfeab5fb88e2d13",
    "device_name": "NVIDIA H100 80GB HBM3",
    "commit_sha": "unknown",
    "timestamp": "2026-01-13T01:08:53.921093+00:00",
    "success": true,
    "error_reason": null
  },
  "metrics": {
    "mfu": {
      "mean": 13.717219160912208,
      "std": 0.0014505732641040287,
      "min": 13.71621019021101,
      "max": 13.718881509116354
    },
    "throughput": {
      "mean": 5352.250054548452,
      "std": 0.565991600837685,
      "min": 5351.8563695437015,
      "max": 5352.898677506352
    },
    "step_time": {
      "mean": 3.0604086023328514,
      "std": 0.0010099106102415688,
      "min": 3.0592475469893543,
      "max": 3.0610833760001697
    },
    "peak_memory": {
      "gib": 20.2578125,
      "pct": 25.5848839019908
    }
  }
}