{
  "config": {
    "type": "rl",
    "num_gpus": 2,
    "model_name": "Qwen/Qwen3-0.6B",
    "lora_rank": null,
    "seq_len": 8192,
    "ac": "Recompute",
    "attention": "flash_attention_2",
    "output": "/tmp/benchmark_result.json",
    "dry_run": false,
    "timeout": 1800,
    "micro_batches": 2,
    "docker_image": "primeintellect/prime-rl-jackmin",
    "device_name": "NVIDIA H100 80GB HBM3",
    "commit_sha": "unknown",
    "timestamp": "2026-01-12T05:38:13.224187+00:00",
    "success": true,
    "error_reason": null
  },
  "metrics": {
    "mfu": {
      "mean": 5.73629043873024,
      "std": 0.11040701602435908,
      "min": 5.614787416484886,
      "max": 5.8304705435465936
    },
    "throughput": {
      "mean": 17744.03076742432,
      "std": 341.5213211744873,
      "min": 17368.186240707186,
      "max": 18035.3574872601
    },
    "step_time": {
      "mean": 1.1006737170003664,
      "std": 0.009066551327419492,
      "min": 1.0908415849989979,
      "max": 1.1087041430000681
    },
    "peak_memory": {
      "gib": 24.98828125,
      "pct": 31.559294701318002
    }
  }
}