{
  "config": {
    "type": "rl",
    "num_gpus": 8,
    "model_name": "Qwen/Qwen3-30B-A3B-Instruct-2507",
    "lora_rank": 16,
    "seq_len": 16384,
    "ac": "Recompute",
    "attention": "flash_attention_2",
    "output": "/tmp/benchmark_result.json",
    "dry_run": false,
    "timeout": 1500,
    "micro_batches": 2,
    "docker_image": "primeintellect/prime-rl-jackmin@sha256:2100834906f848dd412c6eea279cb3f0a4da5be1810a43abdba698aee6af96cd",
    "device_name": "NVIDIA H100 80GB HBM3",
    "commit_sha": "unknown",
    "timestamp": "2026-01-14T01:45:56.035472+00:00",
    "success": true,
    "error_reason": null,
    "time_taken": 154.04377157599993
  },
  "metrics": {
    "mfu": {
      "mean": 12.763574484190613,
      "std": 0.002695327428457326,
      "min": 12.760869279811176,
      "max": 12.766259824875199
    },
    "throughput": {
      "mean": 27624.072043778782,
      "std": 5.833469233677592,
      "min": 27618.21719796241,
      "max": 27629.883898806147
    },
    "step_time": {
      "mean": 9.487240012666613,
      "std": 0.007242106923383611,
      "min": 9.479202207000526,
      "max": 9.493257257999176
    },
    "peak_memory": {
      "gib": 31.765625,
      "pct": 40.1036557691463
    }
  }
}