{
  "config": {
    "type": "rl",
    "num_gpus": 8,
    "model_name": "Qwen/Qwen3-4B-Instruct-2507",
    "lora_rank": null,
    "seq_len": 16384,
    "ac": "Recompute",
    "attention": "flash_attention_3",
    "output": "/tmp/benchmark_result.json",
    "dry_run": false,
    "timeout": 1500,
    "micro_batches": 2,
    "docker_image": "primeintellect/prime-rl-jackmin@sha256:2100834906f848dd412c6eea279cb3f0a4da5be1810a43abdba698aee6af96cd",
    "device_name": "NVIDIA H100 80GB HBM3",
    "commit_sha": "unknown",
    "timestamp": "2026-01-14T01:28:26.787160+00:00",
    "success": true,
    "error_reason": null,
    "time_taken": 69.53520033400036
  },
  "metrics": {
    "mfu": {
      "mean": 15.120074274947997,
      "std": 0.07397686898849946,
      "min": 15.038285812929995,
      "max": 15.182312422089915
    },
    "throughput": {
      "mean": 28312.77213184877,
      "std": 138.52380594249544,
      "min": 28159.620894227748,
      "max": 28429.31484492639
    },
    "step_time": {
      "mean": 4.750294738666828,
      "std": 0.062179971920787606,
      "min": 4.713641293000364,
      "max": 4.8220886720000635
    },
    "peak_memory": {
      "gib": 17.095703125,
      "pct": 21.583085277135858
    }
  }
}