{
  "config": {
    "type": "rl",
    "num_gpus": 8,
    "model_name": "Qwen/Qwen3-30B-A3B-Instruct-2507",
    "lora_rank": 16,
    "seq_len": 65536,
    "ac": "Recompute",
    "attention": "flash_attention_2",
    "output": "/tmp/benchmark_result.json",
    "dry_run": false,
    "timeout": 1500,
    "micro_batches": 2,
    "docker_image": "primeintellect/prime-rl-jackmin@sha256:9d9093cc3859822777c381cb8f4874098e8b28168760fccf5cfeab5fb88e2d13",
    "device_name": "NVIDIA H200",
    "commit_sha": "unknown",
    "timestamp": "2026-01-13T01:30:31.458055+00:00",
    "success": true,
    "error_reason": null
  },
  "metrics": {
    "mfu": {
      "mean": 19.74157303087458,
      "std": 0.003418459008922476,
      "min": 19.737628544822076,
      "max": 19.743674248052788
    },
    "throughput": {
      "mean": 16521.772034839003,
      "std": 2.860916927315793,
      "min": 16518.470884558214,
      "max": 16523.530548770985
    },
    "step_time": {
      "mean": 63.45992973766685,
      "std": 0.019493297305567883,
      "min": 63.43966058600017,
      "max": 63.47854132700013
    },
    "peak_memory": {
      "gib": 64.16796875,
      "pct": 45.89955804351632
    }
  }
}