{
  "config": {
    "type": "rl",
    "num_gpus": 1,
    "model_name": "Qwen/Qwen3-4B-Instruct-2507",
    "lora_rank": 16,
    "seq_len": 65536,
    "ac": "Recompute",
    "attention": "flash_attention_2",
    "output": "/tmp/benchmark_result.json",
    "dry_run": false,
    "timeout": 1500,
    "micro_batches": 2,
    "docker_image": "primeintellect/prime-rl-jackmin@sha256:2100834906f848dd412c6eea279cb3f0a4da5be1810a43abdba698aee6af96cd",
    "device_name": "NVIDIA H100 80GB HBM3",
    "commit_sha": "unknown",
    "timestamp": "2026-01-14T00:40:42.348322+00:00",
    "success": true,
    "error_reason": null,
    "time_taken": 259.0486345390091
  },
  "metrics": {
    "mfu": {
      "mean": 24.863569765776166,
      "std": 0.017062101620002552,
      "min": 24.84802010606852,
      "max": 24.88182177912192
    },
    "throughput": {
      "mean": 2770.248890071254,
      "std": 1.9010250145236218,
      "min": 2768.516378289886,
      "max": 2772.282492654832
    },
    "step_time": {
      "mean": 47.343325206330825,
      "std": 0.058227900244431974,
      "min": 47.27893211701303,
      "max": 47.39227394197951
    },
    "peak_memory": {
      "gib": 41.994140625,
      "pct": 53.037079519543404
    }
  }
}