{
  "config": {
    "type": "rl",
    "num_gpus": 2,
    "model_name": "Qwen/Qwen3-4B",
    "lora_rank": 16,
    "seq_len": 8192,
    "ac": "Recompute",
    "attention": "flash_attention_2",
    "output": "/tmp/benchmark_result.json",
    "dry_run": false,
    "timeout": 1800,
    "micro_batches": 2,
    "docker_image": "primeintellect/prime-rl-jackmin@sha256:04c57cdddfe41c4aeb5bf5aab7944ed7574162d78ced8a491acd276ee0e8f587",
    "device_name": "NVIDIA RTX A6000",
    "commit_sha": "unknown",
    "timestamp": "2026-01-12T21:30:53.347170+00:00",
    "success": true,
    "error_reason": null
  },
  "metrics": {
    "mfu": {
      "mean": 10.042523126384499,
      "std": 0.011772266523160468,
      "min": 10.028977619953992,
      "max": 10.05028365525654
    },
    "throughput": {
      "mean": 2472.301637004637,
      "std": 2.898135601002168,
      "min": 2468.966959324462,
      "max": 2474.2121497306634
    },
    "step_time": {
      "mean": 13.271497751683151,
      "std": 0.044375991089217956,
      "min": 13.243284006020986,
      "max": 13.322648072004085
    },
    "peak_memory": {
      "gib": 33.7890625,
      "pct": 71.08116297821856
    }
  }
}