{
  "config": {
    "type": "rl",
    "num_gpus": 1,
    "model_name": "Qwen/Qwen3-4B-Instruct-2507",
    "lora_rank": 16,
    "seq_len": 4096,
    "ac": "Recompute",
    "attention": "flash_attention_2",
    "output": "/tmp/benchmark_result.json",
    "dry_run": false,
    "timeout": 1500,
    "micro_batches": 2,
    "docker_image": "primeintellect/prime-rl-jackmin@sha256:9d9093cc3859822777c381cb8f4874098e8b28168760fccf5cfeab5fb88e2d13",
    "device_name": "NVIDIA RTX A6000",
    "commit_sha": "unknown",
    "timestamp": "2026-01-13T01:09:37.591217+00:00",
    "success": true,
    "error_reason": null
  },
  "metrics": {
    "mfu": {
      "mean": 9.159901568475847,
      "std": 0.012893504940349704,
      "min": 9.14644973403572,
      "max": 9.17215275331779
    },
    "throughput": {
      "mean": 1372.8554554907503,
      "std": 1.9324354596423832,
      "min": 1370.8393394703505,
      "max": 1374.6916221592185
    },
    "step_time": {
      "mean": 5.95856509566632,
      "std": 0.015599207369213844,
      "min": 5.944258823999917,
      "max": 5.975196269999287
    },
    "peak_memory": {
      "gib": 18.908203125,
      "pct": 39.8892137965134
    }
  }
}