{
  "config": {
    "type": "rl",
    "num_gpus": 8,
    "model_name": "Qwen/Qwen3-30B-A3B-Instruct-2507",
    "lora_rank": 16,
    "seq_len": 16384,
    "ac": "Recompute",
    "attention": "flash_attention_2",
    "output": "/tmp/benchmark_result.json",
    "dry_run": false,
    "timeout": 1500,
    "micro_batches": 2,
    "docker_image": "primeintellect/prime-rl-jackmin@sha256:2100834906f848dd412c6eea279cb3f0a4da5be1810a43abdba698aee6af96cd",
    "device_name": "NVIDIA H200",
    "commit_sha": "unknown",
    "timestamp": "2026-01-14T00:45:23.999150+00:00",
    "success": true,
    "error_reason": null,
    "time_taken": 450.2542471050001
  },
  "metrics": {
    "mfu": {
      "mean": 14.073453774441354,
      "std": 0.011155106469504912,
      "min": 14.061145509211185,
      "max": 14.08289672988746
    },
    "throughput": {
      "mean": 30459.030223194684,
      "std": 24.142881381019897,
      "min": 30432.391572253033,
      "max": 30479.467513851196
    },
    "step_time": {
      "mean": 8.600254559666306,
      "std": 0.01160176029251363,
      "min": 8.5922225409995,
      "max": 8.61355581799944
    },
    "peak_memory": {
      "gib": 31.765625,
      "pct": 22.722055518955056
    }
  }
}