{
  "config": {
    "type": "sft",
    "num_gpus": 2,
    "model_name": "Qwen/Qwen3-4B",
    "lora_rank": null,
    "seq_len": 8192,
    "ac": "Recompute",
    "attention": "flash_attention_2",
    "output": "/tmp/benchmark_result.json",
    "dry_run": false,
    "timeout": 1800,
    "micro_batches": 2,
    "docker_image": "primeintellect/prime-rl-jackmin@sha256:f6197cf716f6c2358437ad807e09cc877f3099102d044b47c51fe5bbd79a0e27",
    "device_name": "NVIDIA H100 80GB HBM3",
    "commit_sha": "unknown",
    "timestamp": "2026-01-12T20:07:33.521512+00:00",
    "success": true,
    "error_reason": null
  },
  "metrics": {
    "mfu": {
      "mean": 25.753161310008135,
      "std": 0.1149033500232772,
      "min": 25.661225656968472,
      "max": 25.88197632490331
    },
    "throughput": {
      "mean": 15346.382890268666,
      "std": 68.47123673886499,
      "min": 15291.598170217027,
      "max": 15423.144128114396
    },
    "step_time": {
      "mean": 2.1151959443329056,
      "std": 0.0004672124150639259,
      "min": 2.1146628970018355,
      "max": 2.115534459997434
    },
    "peak_memory": {
      "gib": 58.283203125,
      "pct": 73.60957583101693
    }
  }
}