{
  "config": {
    "type": "sft",
    "num_gpus": 8,
    "model_name": "Qwen/Qwen3-4B-Instruct-2507",
    "lora_rank": null,
    "seq_len": 16384,
    "ac": "Recompute",
    "attention": "flash_attention_2",
    "output": "/tmp/benchmark_result.json",
    "dry_run": false,
    "timeout": 1500,
    "micro_batches": 2,
    "docker_image": "primeintellect/prime-rl-jackmin@sha256:2100834906f848dd412c6eea279cb3f0a4da5be1810a43abdba698aee6af96cd",
    "device_name": "NVIDIA H100 80GB HBM3",
    "commit_sha": "unknown",
    "timestamp": "2026-01-14T01:16:37.506706+00:00",
    "success": true,
    "error_reason": null,
    "time_taken": 52.564933841999846
  },
  "metrics": {
    "mfu": {
      "mean": 26.871516937668684,
      "std": 0.6835575077426106,
      "min": 26.10808147627036,
      "max": 27.426801913552342
    },
    "throughput": {
      "mean": 50317.68508927809,
      "std": 1279.9810109264524,
      "min": 48888.13032235762,
      "max": 51357.47211046237
    },
    "step_time": {
      "mean": 5.007861131666838,
      "std": 0.06929854715110138,
      "min": 4.965516359000048,
      "max": 5.087833848000173
    },
    "peak_memory": {
      "gib": 54.6328125,
      "pct": 68.97315907369408
    }
  }
}