{
  "config": {
    "type": "rl",
    "num_gpus": 8,
    "model_name": "PrimeIntellect/INTELLECT-3",
    "lora_rank": 16,
    "seq_len": 16384,
    "ac": "Recompute",
    "attention": "flash_attention_2",
    "output": "/tmp/benchmark_result.json",
    "dry_run": false,
    "timeout": 3300,
    "micro_batches": 2,
    "docker_image": "primeintellect/prime-rl-jackmin@sha256:2100834906f848dd412c6eea279cb3f0a4da5be1810a43abdba698aee6af96cd",
    "device_name": "NVIDIA B200",
    "commit_sha": "unknown",
    "timestamp": "2026-01-14T02:58:13.565777+00:00",
    "success": true,
    "error_reason": null,
    "time_taken": 370.6617130509994
  },
  "metrics": {
    "mfu": {
      "mean": 2.547253320678228,
      "std": 0.020176266285069983,
      "min": 2.5313381593609723,
      "max": 2.569945637554052
    },
    "throughput": {
      "mean": 4883.691529480287,
      "std": 38.68270970658649,
      "min": 4853.178373256509,
      "max": 4927.198107648664
    },
    "step_time": {
      "mean": 53.20310689400018,
      "std": 1.0864818624175225,
      "min": 51.968769896000595,
      "max": 54.01457405200017
    },
    "peak_memory": {
      "gib": 90.36653645833333,
      "pct": 50.66490547873171
    }
  }
}