{
  "config": {
    "type": "rl",
    "num_gpus": 8,
    "model_name": "Qwen/Qwen3-30B-A3B-Instruct-2507",
    "lora_rank": 16,
    "seq_len": 16384,
    "ac": "Recompute",
    "attention": "flash_attention_2",
    "output": "/tmp/benchmark_result.json",
    "dry_run": false,
    "timeout": 1500,
    "micro_batches": 2,
    "docker_image": "primeintellect/prime-rl-jackmin@sha256:2100834906f848dd412c6eea279cb3f0a4da5be1810a43abdba698aee6af96cd",
    "device_name": "NVIDIA B200",
    "commit_sha": "unknown",
    "timestamp": "2026-01-14T01:55:56.430792+00:00",
    "success": true,
    "error_reason": null,
    "time_taken": 329.4691223509999
  },
  "metrics": {
    "mfu": {
      "mean": 1.912614449819473,
      "std": 0.010640479557014297,
      "min": 1.9045034887722128,
      "max": 1.9246623666656903
    },
    "throughput": {
      "mean": 9417.357122390304,
      "std": 52.391738414062665,
      "min": 9377.420261725543,
      "max": 9476.67881973103
    },
    "step_time": {
      "mean": 27.89332864199999,
      "std": 0.31137631804818416,
      "min": 27.661678940000456,
      "max": 28.2472900570001
    },
    "peak_memory": {
      "gib": 32.04296875,
      "pct": 17.965211975621692
    }
  }
}