{
  "config": {
    "type": "rl",
    "num_gpus": 8,
    "model_name": "Qwen/Qwen3-4B-Instruct-2507",
    "lora_rank": null,
    "seq_len": 65536,
    "ac": "Recompute",
    "attention": "flash_attention_2",
    "output": "/tmp/benchmark_result.json",
    "dry_run": false,
    "timeout": 1500,
    "micro_batches": 2,
    "docker_image": "primeintellect/prime-rl-jackmin@sha256:2100834906f848dd412c6eea279cb3f0a4da5be1810a43abdba698aee6af96cd",
    "device_name": "NVIDIA H100 80GB HBM3",
    "commit_sha": "unknown",
    "timestamp": "2026-01-14T01:24:18.791110+00:00",
    "success": true,
    "error_reason": null,
    "time_taken": 235.99235425200004
  },
  "metrics": {
    "mfu": {
      "mean": 25.258201044106283,
      "std": 0.004520472982629947,
      "min": 25.2531975102982,
      "max": 25.261990507814787
    },
    "throughput": {
      "mean": 20685.270038060873,
      "std": 3.702053213613447,
      "min": 20681.172380916407,
      "max": 20688.373429310825
    },
    "step_time": {
      "mean": 46.3775540759998,
      "std": 0.01437523423159451,
      "min": 46.36822941100036,
      "max": 46.39410906699959
    },
    "peak_memory": {
      "gib": 36.104817708333336,
      "pct": 45.58182566792808
    }
  }
}