{
  "config": {
    "type": "rl",
    "num_gpus": 2,
    "model_name": "Qwen/Qwen3-0.6B",
    "lora_rank": 16,
    "seq_len": 8192,
    "ac": "Recompute",
    "attention": "flash_attention_2",
    "output": "/tmp/benchmark_result.json",
    "dry_run": false,
    "timeout": 1800,
    "micro_batches": 2,
    "docker_image": "primeintellect/prime-rl-jackmin@sha256:04c57cdddfe41c4aeb5bf5aab7944ed7574162d78ced8a491acd276ee0e8f587",
    "device_name": "NVIDIA RTX A6000",
    "commit_sha": "unknown",
    "timestamp": "2026-01-12T21:25:10.767983+00:00",
    "success": true,
    "error_reason": null
  },
  "metrics": {
    "mfu": {
      "mean": 4.243461582041431,
      "std": 0.09107669628204432,
      "min": 4.143826534088679,
      "max": 4.322427133742532
    },
    "throughput": {
      "mean": 5031.136767111653,
      "std": 107.9824351965064,
      "min": 4913.007371250157,
      "max": 5124.759976092737
    },
    "step_time": {
      "mean": 6.393544305339067,
      "std": 0.241531007652934,
      "min": 6.218773686006898,
      "max": 6.669154614995932
    },
    "peak_memory": {
      "gib": 23.759765625,
      "pct": 49.9827946606953
    }
  }
}