{
  "config": {
    "type": "rl",
    "num_gpus": 8,
    "model_name": "PrimeIntellect/INTELLECT-3",
    "lora_rank": 16,
    "seq_len": 65536,
    "ac": "Recompute",
    "attention": "flash_attention_2",
    "output": "/tmp/benchmark_result.json",
    "dry_run": false,
    "timeout": 3300,
    "micro_batches": 2,
    "docker_image": "primeintellect/prime-rl-jackmin@sha256:2100834906f848dd412c6eea279cb3f0a4da5be1810a43abdba698aee6af96cd",
    "device_name": "NVIDIA B200",
    "commit_sha": "unknown",
    "timestamp": "2026-01-14T02:04:55.029936+00:00",
    "success": true,
    "error_reason": null,
    "time_taken": 1295.345360876
  },
  "metrics": {
    "mfu": {
      "mean": 5.841222157017273,
      "std": 0.03124092876302357,
      "min": 5.807531015536397,
      "max": 5.8692335626688585
    },
    "throughput": {
      "mean": 5172.252204223445,
      "std": 27.663040081845967,
      "min": 5142.419563706952,
      "max": 5197.05558453158
    },
    "step_time": {
      "mean": 201.76310052499989,
      "std": 1.9148706525768333,
      "min": 200.22185460899982,
      "max": 203.90673127100035
    },
    "peak_memory": {
      "gib": 153.48372395833334,
      "pct": 86.05219002122779
    }
  }
}