{
  "config": {
    "type": "rl",
    "num_gpus": 8,
    "model_name": "Qwen/Qwen3-4B-Instruct-2507",
    "lora_rank": null,
    "seq_len": 65536,
    "ac": "Recompute",
    "attention": "flash_attention_2",
    "output": "/tmp/benchmark_result.json",
    "dry_run": false,
    "timeout": 1500,
    "micro_batches": 2,
    "docker_image": "primeintellect/prime-rl-jackmin@sha256:2100834906f848dd412c6eea279cb3f0a4da5be1810a43abdba698aee6af96cd",
    "device_name": "NVIDIA H200",
    "commit_sha": "unknown",
    "timestamp": "2026-01-14T01:37:25.257112+00:00",
    "success": true,
    "error_reason": null,
    "time_taken": 239.33226379600092
  },
  "metrics": {
    "mfu": {
      "mean": 24.979920451703588,
      "std": 0.008984818556007306,
      "min": 24.97125510598685,
      "max": 24.989193853474923
    },
    "throughput": {
      "mean": 20457.371416533962,
      "std": 7.358140738111283,
      "min": 20450.274908916064,
      "max": 20464.965893253688
    },
    "step_time": {
      "mean": 45.48356156499964,
      "std": 0.11837439509444565,
      "min": 45.37763214199913,
      "max": 45.611337475000255
    },
    "peak_memory": {
      "gib": 36.104817708333336,
      "pct": 25.825894263704924
    }
  }
}