{
  "config": {
    "type": "rl",
    "num_gpus": 1,
    "model_name": "Qwen/Qwen3-0.6B",
    "lora_rank": null,
    "seq_len": 65536,
    "ac": "Recompute",
    "attention": "flash_attention_2",
    "output": "/tmp/benchmark_result.json",
    "dry_run": false,
    "timeout": 1500,
    "micro_batches": 2,
    "docker_image": "primeintellect/prime-rl-jackmin@sha256:2100834906f848dd412c6eea279cb3f0a4da5be1810a43abdba698aee6af96cd",
    "device_name": "NVIDIA H100 80GB HBM3",
    "commit_sha": "unknown",
    "timestamp": "2026-01-14T01:26:54.475448+00:00",
    "success": true,
    "error_reason": null,
    "time_taken": 95.98759520199383
  },
  "metrics": {
    "mfu": {
      "mean": 17.906274311945065,
      "std": 0.05322229852685386,
      "min": 17.84849251719744,
      "max": 17.95329146671772
    },
    "throughput": {
      "mean": 6778.815184392428,
      "std": 20.1484752839641,
      "min": 6756.940611223662,
      "max": 6796.61456561196
    },
    "step_time": {
      "mean": 18.54999817467372,
      "std": 0.01994964646467076,
      "min": 18.52707112999633,
      "max": 18.56339854001999
    },
    "peak_memory": {
      "gib": 19.560546875,
      "pct": 24.704262657003266
    }
  }
}