{
  "config": {
    "type": "sft",
    "num_gpus": 8,
    "model_name": "Qwen/Qwen3-4B-Instruct-2507",
    "lora_rank": null,
    "seq_len": 16384,
    "ac": "Recompute",
    "attention": "flash_attention_2",
    "output": "/tmp/benchmark_result.json",
    "dry_run": false,
    "timeout": 1500,
    "micro_batches": 2,
    "docker_image": "primeintellect/prime-rl-jackmin@sha256:9d9093cc3859822777c381cb8f4874098e8b28168760fccf5cfeab5fb88e2d13",
    "device_name": "NVIDIA H100 80GB HBM3",
    "commit_sha": "unknown",
    "timestamp": "2026-01-13T01:10:27.095689+00:00",
    "success": true,
    "error_reason": null
  },
  "metrics": {
    "mfu": {
      "mean": 17.371314628539576,
      "std": 0.7914415678462475,
      "min": 16.567253600989858,
      "max": 18.149502228246224
    },
    "throughput": {
      "mean": 32528.28417142043,
      "std": 1481.9970033633342,
      "min": 31022.6568683301,
      "max": 33985.46273983725
    },
    "step_time": {
      "mean": 8.438735101333805,
      "std": 0.7836279031280969,
      "min": 7.688127724999504,
      "max": 9.251662047001446
    },
    "peak_memory": {
      "gib": 54.6328125,
      "pct": 68.97315907369408
    }
  }
}