{
  "config": {
    "type": "rl",
    "num_gpus": 2,
    "model_name": "Qwen/Qwen3-4B",
    "lora_rank": null,
    "seq_len": 8192,
    "ac": "Recompute",
    "attention": "flash_attention_2",
    "output": "/tmp/benchmark_result.json",
    "dry_run": false,
    "timeout": 1800,
    "micro_batches": 2,
    "docker_image": "primeintellect/prime-rl-jackmin@sha256:f6197cf716f6c2358437ad807e09cc877f3099102d044b47c51fe5bbd79a0e27",
    "device_name": "NVIDIA H100 80GB HBM3",
    "commit_sha": "unknown",
    "timestamp": "2026-01-12T20:02:50.063302+00:00",
    "success": true,
    "error_reason": null
  },
  "metrics": {
    "mfu": {
      "mean": 8.503809342020919,
      "std": 0.3289122979938729,
      "min": 8.136332446407692,
      "max": 8.770637188456117
    },
    "throughput": {
      "mean": 5067.444443714993,
      "std": 195.9997843204799,
      "min": 4848.463904762043,
      "max": 5226.447924797879
    },
    "step_time": {
      "mean": 2.4522018840022306,
      "std": 0.023605524508618993,
      "min": 2.4373281090083765,
      "max": 2.47942004801007
    },
    "peak_memory": {
      "gib": 61.3515625,
      "pct": 77.48480265419737
    }
  }
}