{
  "config": {
    "type": "sft",
    "num_gpus": 8,
    "model_name": "Qwen/Qwen3-30B-A3B-Instruct-2507",
    "lora_rank": null,
    "seq_len": 16384,
    "ac": "Recompute",
    "attention": "flash_attention_2",
    "output": "/tmp/benchmark_result.json",
    "dry_run": false,
    "timeout": 1500,
    "micro_batches": 2,
    "docker_image": "primeintellect/prime-rl-jackmin@sha256:9d9093cc3859822777c381cb8f4874098e8b28168760fccf5cfeab5fb88e2d13",
    "device_name": "NVIDIA B200",
    "commit_sha": "unknown",
    "timestamp": "2026-01-13T05:18:56.060032+00:00",
    "success": true,
    "error_reason": null
  },
  "metrics": {
    "mfu": {
      "mean": 9.66098383172202,
      "std": 0.9044186796512189,
      "min": 8.65747737880799,
      "max": 10.413145219631453
    },
    "throughput": {
      "mean": 46277.33699650579,
      "std": 4332.2801024390055,
      "min": 41470.41390165644,
      "max": 49880.28537426329
    },
    "step_time": {
      "mean": 5.0556077659997145,
      "std": 0.6435784669912199,
      "min": 4.682115954999972,
      "max": 5.798744849998911
    },
    "peak_memory": {
      "gib": 106.365234375,
      "pct": 59.63473601001961
    }
  }
}