{
  "config": {
    "type": "sft",
    "num_gpus": 8,
    "model_name": "Qwen/Qwen3-4B-Instruct-2507",
    "lora_rank": null,
    "seq_len": 16384,
    "ac": "Recompute",
    "attention": "flash_attention_2",
    "output": "/tmp/benchmark_result.json",
    "dry_run": false,
    "timeout": 1500,
    "micro_batches": 2,
    "docker_image": "primeintellect/prime-rl-jackmin@sha256:2100834906f848dd412c6eea279cb3f0a4da5be1810a43abdba698aee6af96cd",
    "device_name": "NVIDIA H200",
    "commit_sha": "unknown",
    "timestamp": "2026-01-14T01:26:07.127103+00:00",
    "success": true,
    "error_reason": null,
    "time_taken": 53.538246510001045
  },
  "metrics": {
    "mfu": {
      "mean": 28.240374401634813,
      "std": 1.016748805276217,
      "min": 27.102839767441008,
      "max": 29.06071546544982
    },
    "throughput": {
      "mean": 52880.90989581674,
      "std": 1903.891258445157,
      "min": 50750.843713312745,
      "max": 54417.02203308813
    },
    "step_time": {
      "mean": 4.700976207999702,
      "std": 0.10500836688735334,
      "min": 4.636091761998614,
      "max": 4.822127301000364
    },
    "peak_memory": {
      "gib": 54.6328125,
      "pct": 39.079029573057724
    }
  }
}