{
  "config": {
    "type": "rl",
    "num_gpus": 1,
    "model_name": "Qwen/Qwen3-4B-Instruct-2507",
    "lora_rank": 16,
    "seq_len": 16384,
    "ac": "Offload",
    "attention": "flash_attention_2",
    "output": "/tmp/benchmark_result.json",
    "dry_run": false,
    "timeout": 1500,
    "micro_batches": 2,
    "docker_image": "primeintellect/prime-rl-jackmin@sha256:2100834906f848dd412c6eea279cb3f0a4da5be1810a43abdba698aee6af96cd",
    "device_name": "NVIDIA H100 80GB HBM3",
    "commit_sha": "unknown",
    "timestamp": "2026-01-14T00:53:29.221817+00:00",
    "success": true,
    "error_reason": null,
    "time_taken": 92.76885401600157
  },
  "metrics": {
    "mfu": {
      "mean": 17.121405054313193,
      "std": 0.01201745237506162,
      "min": 17.109233482153456,
      "max": 17.133262216741656
    },
    "throughput": {
      "mean": 4921.450830611483,
      "std": 3.4543485645869043,
      "min": 4917.952181188415,
      "max": 4924.859104739519
    },
    "step_time": {
      "mean": 6.653172985990143,
      "std": 0.009103323130636722,
      "min": 6.644249526987551,
      "max": 6.662446097994689
    },
    "peak_memory": {
      "gib": 20.568359375,
      "pct": 25.977093364044073
    }
  }
}