{
  "config": {
    "type": "rl",
    "num_gpus": 8,
    "model_name": "Qwen/Qwen3-4B-Instruct-2507",
    "lora_rank": null,
    "seq_len": 65536,
    "ac": "Recompute",
    "attention": "flash_attention_2",
    "output": "/tmp/benchmark_result.json",
    "dry_run": false,
    "timeout": 1500,
    "micro_batches": 2,
    "docker_image": "primeintellect/prime-rl-jackmin@sha256:2100834906f848dd412c6eea279cb3f0a4da5be1810a43abdba698aee6af96cd",
    "device_name": "NVIDIA B200",
    "commit_sha": "unknown",
    "timestamp": "2026-01-14T02:43:52.684499+00:00",
    "success": true,
    "error_reason": null,
    "time_taken": 212.51161990899982
  },
  "metrics": {
    "mfu": {
      "mean": 12.91676179253865,
      "std": 0.009704679427691813,
      "min": 12.905565678911465,
      "max": 12.922767381595914
    },
    "throughput": {
      "mean": 24065.708731912327,
      "std": 18.08115626768943,
      "min": 24044.84882802861,
      "max": 24076.897972632025
    },
    "step_time": {
      "mean": 38.91657721399982,
      "std": 0.05060400870528359,
      "min": 38.88146832699931,
      "max": 38.974582742000166
    },
    "peak_memory": {
      "gib": 36.046223958333336,
      "pct": 20.209677180182986
    }
  }
}