{
  "config": {
    "type": "rl",
    "num_gpus": 8,
    "model_name": "Qwen/Qwen3-30B-A3B-Instruct-2507",
    "lora_rank": 16,
    "seq_len": 65536,
    "ac": "Recompute",
    "attention": "flash_attention_2",
    "output": "/tmp/benchmark_result.json",
    "dry_run": false,
    "timeout": 1500,
    "micro_batches": 2,
    "docker_image": "primeintellect/prime-rl-jackmin@sha256:2100834906f848dd412c6eea279cb3f0a4da5be1810a43abdba698aee6af96cd",
    "device_name": "NVIDIA H100 80GB HBM3",
    "commit_sha": "unknown",
    "timestamp": "2026-01-14T01:39:21.410258+00:00",
    "success": true,
    "error_reason": null,
    "time_taken": 382.3127001590001
  },
  "metrics": {
    "mfu": {
      "mean": 18.898299192798465,
      "std": 0.004359362568221715,
      "min": 18.894319804854003,
      "max": 18.90295860505018
    },
    "throughput": {
      "mean": 15816.034042539808,
      "std": 3.648361478425357,
      "min": 15812.703682778014,
      "max": 15819.933516351688
    },
    "step_time": {
      "mean": 66.3117824593334,
      "std": 0.027345409994627933,
      "min": 66.28158772799998,
      "max": 66.33487858100034
    },
    "peak_memory": {
      "gib": 64.16796875,
      "pct": 81.01116002456547
    }
  }
}