{
  "config": {
    "type": "rl",
    "num_gpus": 8,
    "model_name": "Qwen/Qwen3-4B-Instruct-2507",
    "lora_rank": null,
    "seq_len": 16384,
    "ac": "Recompute",
    "attention": "flash_attention_2",
    "output": "/tmp/benchmark_result.json",
    "dry_run": false,
    "timeout": 1500,
    "micro_batches": 2,
    "docker_image": "primeintellect/prime-rl-jackmin@sha256:2100834906f848dd412c6eea279cb3f0a4da5be1810a43abdba698aee6af96cd",
    "device_name": "NVIDIA H200",
    "commit_sha": "unknown",
    "timestamp": "2026-01-14T02:00:13.183635+00:00",
    "success": true,
    "error_reason": null,
    "time_taken": 79.29355233599927
  },
  "metrics": {
    "mfu": {
      "mean": 12.374440477137732,
      "std": 0.0753818736744235,
      "min": 12.288641600545276,
      "max": 12.430041941267307
    },
    "throughput": {
      "mean": 23171.494208121643,
      "std": 141.1547174574377,
      "min": 23010.83335434821,
      "max": 23275.609542178307
    },
    "step_time": {
      "mean": 5.491380960999474,
      "std": 0.08829373633866086,
      "min": 5.412294268000551,
      "max": 5.586644636998244
    },
    "peak_memory": {
      "gib": 17.095703125,
      "pct": 12.228612392856222
    }
  }
}