{
  "config": {
    "type": "rl",
    "num_gpus": 8,
    "model_name": "Qwen/Qwen3-30B-A3B-Instruct-2507",
    "lora_rank": null,
    "seq_len": 65536,
    "ac": "Recompute",
    "attention": "flash_attention_2",
    "output": "/tmp/benchmark_result.json",
    "dry_run": false,
    "timeout": 1500,
    "micro_batches": 2,
    "docker_image": "primeintellect/prime-rl-jackmin@sha256:2100834906f848dd412c6eea279cb3f0a4da5be1810a43abdba698aee6af96cd",
    "device_name": "NVIDIA H200",
    "commit_sha": "unknown",
    "timestamp": "2026-01-14T02:08:33.100149+00:00",
    "success": true,
    "error_reason": null,
    "time_taken": 468.89261328200155
  },
  "metrics": {
    "mfu": {
      "mean": 13.423515465139195,
      "std": 0.02504531900311617,
      "min": 13.398004727410836,
      "max": 13.448067854787624
    },
    "throughput": {
      "mean": 11114.229197004808,
      "std": 20.736700191216187,
      "min": 11093.107145420481,
      "max": 11134.557767906781
    },
    "step_time": {
      "mean": 57.344841712333924,
      "std": 0.20605356068961772,
      "min": 57.21670041900143,
      "max": 57.58252954300042
    },
    "peak_memory": {
      "gib": 91.447265625,
      "pct": 65.41252837266323
    }
  }
}