{
  "config": {
    "type": "sft",
    "num_gpus": 2,
    "model_name": "Qwen/Qwen3-4B",
    "lora_rank": null,
    "seq_len": 8192,
    "ac": "Recompute",
    "attention": "flash_attention_2",
    "output": "/tmp/benchmark_result.json",
    "dry_run": false,
    "timeout": 1800,
    "micro_batches": 2,
    "docker_image": "primeintellect/prime-rl-jackmin@sha256:04c57cdddfe41c4aeb5bf5aab7944ed7574162d78ced8a491acd276ee0e8f587",
    "device_name": "NVIDIA H100 80GB HBM3",
    "commit_sha": "unknown",
    "timestamp": "2026-01-12T21:23:57.107365+00:00",
    "success": true,
    "error_reason": null
  },
  "metrics": {
    "mfu": {
      "mean": 16.34996232576196,
      "std": 0.025598047293307787,
      "min": 16.3256881318359,
      "max": 16.37670533444458
    },
    "throughput": {
      "mean": 9742.989572122997,
      "std": 15.253950001612393,
      "min": 9728.524510150304,
      "max": 9758.925807909387
    },
    "step_time": {
      "mean": 3.334561127000294,
      "std": 0.010412138205199642,
      "min": 3.325474272001884,
      "max": 3.3459225029946538
    },
    "peak_memory": {
      "gib": 58.283203125,
      "pct": 73.60957583101693
    }
  }
}