{
  "config": {
    "type": "rl",
    "num_gpus": 8,
    "model_name": "Qwen/Qwen3-30B-A3B-Instruct-2507",
    "lora_rank": null,
    "seq_len": 16384,
    "ac": "Recompute",
    "attention": "flash_attention_2",
    "output": "/tmp/benchmark_result.json",
    "dry_run": false,
    "timeout": 1500,
    "micro_batches": 2,
    "docker_image": "primeintellect/prime-rl-jackmin@sha256:2100834906f848dd412c6eea279cb3f0a4da5be1810a43abdba698aee6af96cd",
    "device_name": "NVIDIA H100 80GB HBM3",
    "commit_sha": "unknown",
    "timestamp": "2026-01-14T01:33:28.495678+00:00",
    "success": true,
    "error_reason": null,
    "time_taken": 339.58977640800003
  },
  "metrics": {
    "mfu": {
      "mean": 3.2562683853300567,
      "std": 0.021254019676955737,
      "min": 3.242358197330728,
      "max": 3.2807338578178045
    },
    "throughput": {
      "mean": 6856.160421077642,
      "std": 44.75090847991576,
      "min": 6826.872147162505,
      "max": 6907.673129584455
    },
    "step_time": {
      "mean": 7.303230227333491,
      "std": 0.024518355352556268,
      "min": 7.28229604399985,
      "max": 7.330203976000121
    },
    "peak_memory": {
      "gib": 74.587890625,
      "pct": 94.16616516034975
    }
  }
}