{
  "config": {
    "type": "sft",
    "num_gpus": 8,
    "model_name": "Qwen/Qwen3-4B-Instruct-2507",
    "lora_rank": null,
    "seq_len": 16384,
    "ac": "Recompute",
    "attention": "flash_attention_2",
    "output": "/tmp/benchmark_result.json",
    "dry_run": false,
    "timeout": 1500,
    "micro_batches": 2,
    "docker_image": "primeintellect/prime-rl-jackmin@sha256:2100834906f848dd412c6eea279cb3f0a4da5be1810a43abdba698aee6af96cd",
    "device_name": "NVIDIA B200",
    "commit_sha": "unknown",
    "timestamp": "2026-01-14T02:03:47.728463+00:00",
    "success": true,
    "error_reason": null,
    "time_taken": 51.41429115500068
  },
  "metrics": {
    "mfu": {
      "mean": 16.095964232746773,
      "std": 0.306689800759193,
      "min": 15.752547979515313,
      "max": 16.34255621377761
    },
    "throughput": {
      "mean": 68569.61229864437,
      "std": 1306.5138832268442,
      "min": 67106.6418918621,
      "max": 69620.1064654268
    },
    "step_time": {
      "mean": 3.7552754573334823,
      "std": 0.10840942003066258,
      "min": 3.6921398140002566,
      "max": 3.880454283999825
    },
    "peak_memory": {
      "gib": 54.59375,
      "pct": 30.60853377682418
    }
  }
}