{
  "config": {
    "type": "sft",
    "num_gpus": 8,
    "model_name": "Qwen/Qwen3-30B-A3B-Instruct-2507",
    "lora_rank": null,
    "seq_len": 16384,
    "ac": "Recompute",
    "attention": "flash_attention_2",
    "output": "/tmp/benchmark_result.json",
    "dry_run": false,
    "timeout": 1500,
    "micro_batches": 2,
    "docker_image": "primeintellect/prime-rl-jackmin@sha256:2100834906f848dd412c6eea279cb3f0a4da5be1810a43abdba698aee6af96cd",
    "device_name": "NVIDIA B200",
    "commit_sha": "unknown",
    "timestamp": "2026-01-14T02:54:47.857416+00:00",
    "success": true,
    "error_reason": null,
    "time_taken": 99.71350773799986
  },
  "metrics": {
    "mfu": {
      "mean": 9.534688286351896,
      "std": 0.9535322516477176,
      "min": 8.478171970954586,
      "max": 10.331374667989158
    },
    "throughput": {
      "mean": 45672.36532736172,
      "std": 4567.54033700448,
      "min": 40611.51827269554,
      "max": 49488.59406821686
    },
    "step_time": {
      "mean": 5.12509145699975,
      "std": 0.7714055447980842,
      "min": 4.678002644999651,
      "max": 6.015831643999263
    },
    "peak_memory": {
      "gib": 106.365234375,
      "pct": 59.63473601001961
    }
  }
}