{
  "config": {
    "type": "rl",
    "num_gpus": 8,
    "model_name": "Qwen/Qwen3-30B-A3B-Instruct-2507",
    "lora_rank": 16,
    "seq_len": 65536,
    "ac": "Recompute",
    "attention": "flash_attention_2",
    "output": "/tmp/benchmark_result.json",
    "dry_run": false,
    "timeout": 1500,
    "micro_batches": 2,
    "docker_image": "primeintellect/prime-rl-jackmin@sha256:9d9093cc3859822777c381cb8f4874098e8b28168760fccf5cfeab5fb88e2d13",
    "device_name": "NVIDIA B200",
    "commit_sha": "unknown",
    "timestamp": "2026-01-13T04:02:32.374048+00:00",
    "success": true,
    "error_reason": null
  },
  "metrics": {
    "mfu": {
      "mean": 6.999566061516667,
      "std": 0.02676167378768784,
      "min": 6.971950418837791,
      "max": 7.025383020772421
    },
    "throughput": {
      "mean": 13326.994362150557,
      "std": 50.9535409132126,
      "min": 13274.414886358196,
      "max": 13376.149190810713
    },
    "step_time": {
      "mean": 78.66004835233313,
      "std": 0.8314433386299727,
      "min": 77.99634468300064,
      "max": 79.59266728399962
    },
    "peak_memory": {
      "gib": 64.80859375,
      "pct": 36.33558842954279
    }
  }
}