{
  "config": {
    "type": "rl",
    "num_gpus": 8,
    "model_name": "Qwen/Qwen3-4B-Instruct-2507",
    "lora_rank": 16,
    "seq_len": 65536,
    "ac": "Recompute",
    "attention": "flash_attention_2",
    "output": "/tmp/benchmark_result.json",
    "dry_run": false,
    "timeout": 1500,
    "micro_batches": 2,
    "docker_image": "primeintellect/prime-rl-jackmin@sha256:2100834906f848dd412c6eea279cb3f0a4da5be1810a43abdba698aee6af96cd",
    "device_name": "NVIDIA H200",
    "commit_sha": "unknown",
    "timestamp": "2026-01-14T01:15:34.500941+00:00",
    "success": true,
    "error_reason": null,
    "time_taken": 262.6178318789989
  },
  "metrics": {
    "mfu": {
      "mean": 24.977790500860227,
      "std": 0.03312185320632441,
      "min": 24.947784380490326,
      "max": 25.013330885970337
    },
    "throughput": {
      "mean": 22263.801075478532,
      "std": 29.522961649126604,
      "min": 22237.055303271845,
      "max": 22295.47978077515
    },
    "step_time": {
      "mean": 47.15396232266661,
      "std": 0.11134127655360028,
      "min": 47.03036213100131,
      "max": 47.246407553999234
    },
    "peak_memory": {
      "gib": 28.849609375,
      "pct": 20.636219999414973
    }
  }
}