{
  "config": {
    "type": "rl",
    "num_gpus": 8,
    "model_name": "Qwen/Qwen3-4B-Instruct-2507",
    "lora_rank": null,
    "seq_len": 16384,
    "ac": "Recompute",
    "attention": "flash_attention_2",
    "output": "/tmp/benchmark_result.json",
    "dry_run": false,
    "timeout": 1500,
    "micro_batches": 2,
    "docker_image": "primeintellect/prime-rl-jackmin@sha256:2100834906f848dd412c6eea279cb3f0a4da5be1810a43abdba698aee6af96cd",
    "device_name": "NVIDIA B200",
    "commit_sha": "unknown",
    "timestamp": "2026-01-14T02:56:43.638415+00:00",
    "success": true,
    "error_reason": null,
    "time_taken": 72.95086291899952
  },
  "metrics": {
    "mfu": {
      "mean": 6.673415294112445,
      "std": 0.05490601253053885,
      "min": 6.611779574710294,
      "max": 6.7170958433587975
    },
    "throughput": {
      "mean": 28429.082769342476,
      "std": 233.9023582336232,
      "min": 28166.511523405243,
      "max": 28615.164092803712
    },
    "step_time": {
      "mean": 4.598826406666679,
      "std": 0.0959368055284835,
      "min": 4.533598549000089,
      "max": 4.708983004999936
    },
    "peak_memory": {
      "gib": 17.037109375,
      "pct": 9.55202633569109
    }
  }
}