{
  "config": {
    "type": "sft",
    "num_gpus": 2,
    "model_name": "Qwen/Qwen3-0.6B",
    "lora_rank": null,
    "seq_len": 8192,
    "ac": "Recompute",
    "attention": "flash_attention_2",
    "output": "/tmp/benchmark_result.json",
    "dry_run": false,
    "timeout": 1800,
    "micro_batches": 2,
    "docker_image": "primeintellect/prime-rl-jackmin@sha256:04c57cdddfe41c4aeb5bf5aab7944ed7574162d78ced8a491acd276ee0e8f587",
    "device_name": "NVIDIA H100 80GB HBM3",
    "commit_sha": "unknown",
    "timestamp": "2026-01-12T21:19:59.348583+00:00",
    "success": true,
    "error_reason": null
  },
  "metrics": {
    "mfu": {
      "mean": 10.323801387094077,
      "std": 0.03167733094283772,
      "min": 10.288659776346627,
      "max": 10.35016160036698
    },
    "throughput": {
      "mean": 31934.549236304778,
      "std": 97.98728653704916,
      "min": 31825.845915059133,
      "max": 32016.089116536812
    },
    "step_time": {
      "mean": 1.028828766332784,
      "std": 0.007429849872449718,
      "min": 1.0233239359949948,
      "max": 1.0372798919997877
    },
    "peak_memory": {
      "gib": 24.986328125,
      "pct": 31.556827975141566
    }
  }
}