{
  "config": {
    "type": "rl",
    "num_gpus": 8,
    "model_name": "Qwen/Qwen3-4B-Instruct-2507",
    "lora_rank": null,
    "seq_len": 16384,
    "ac": "Recompute",
    "attention": "flash_attention_2",
    "output": "/tmp/benchmark_result.json",
    "dry_run": false,
    "timeout": 1500,
    "micro_batches": 2,
    "docker_image": "primeintellect/prime-rl-jackmin@sha256:9d9093cc3859822777c381cb8f4874098e8b28168760fccf5cfeab5fb88e2d13",
    "device_name": "NVIDIA H100 80GB HBM3",
    "commit_sha": "unknown",
    "timestamp": "2026-01-13T01:11:43.975816+00:00",
    "success": true,
    "error_reason": null
  },
  "metrics": {
    "mfu": {
      "mean": 9.858706969144533,
      "std": 0.3653910829084772,
      "min": 9.49700010927363,
      "max": 10.227674072455361
    },
    "throughput": {
      "mean": 18460.711161620176,
      "std": 684.2052678628635,
      "min": 17783.404706914505,
      "max": 19151.61263010676
    },
    "step_time": {
      "mean": 10.254086262000177,
      "std": 1.0593616508359123,
      "min": 9.188873191000312,
      "max": 11.307497887999489
    },
    "peak_memory": {
      "gib": 17.095703125,
      "pct": 21.583085277135858
    }
  }
}