{
  "config": {
    "type": "rl",
    "num_gpus": 8,
    "model_name": "Qwen/Qwen3-30B-A3B-Instruct-2507",
    "lora_rank": 16,
    "seq_len": 65536,
    "ac": "Recompute",
    "attention": "flash_attention_2",
    "output": "/tmp/benchmark_result.json",
    "dry_run": false,
    "timeout": 1500,
    "micro_batches": 2,
    "docker_image": "primeintellect/prime-rl-jackmin@sha256:2100834906f848dd412c6eea279cb3f0a4da5be1810a43abdba698aee6af96cd",
    "device_name": "NVIDIA B200",
    "commit_sha": "unknown",
    "timestamp": "2026-01-14T03:09:43.795431+00:00",
    "success": true,
    "error_reason": null,
    "time_taken": 438.12673000200084
  },
  "metrics": {
    "mfu": {
      "mean": 6.991827677840912,
      "std": 0.02043413814875879,
      "min": 6.975071425659222,
      "max": 7.014592430065089
    },
    "throughput": {
      "mean": 13312.260677988912,
      "std": 38.90607524959994,
      "min": 13280.357203345835,
      "max": 13355.604182697778
    },
    "step_time": {
      "mean": 78.83507738999954,
      "std": 0.4920901558354646,
      "min": 78.51167520499985,
      "max": 79.40139063199967
    },
    "peak_memory": {
      "gib": 64.80859375,
      "pct": 36.33558842954279
    }
  }
}