{
  "config": {
    "type": "rl",
    "num_gpus": 2,
    "model_name": "Qwen/Qwen3-0.6B",
    "lora_rank": 16,
    "seq_len": 8192,
    "ac": "Recompute",
    "attention": "flash_attention_2",
    "output": "/tmp/benchmark_result.json",
    "dry_run": false,
    "timeout": 1800,
    "micro_batches": 2,
    "docker_image": "primeintellect/prime-rl-jackmin",
    "device_name": "NVIDIA H100 80GB HBM3",
    "commit_sha": "unknown",
    "timestamp": "2026-01-12T05:19:20.427932+00:00",
    "success": true,
    "error_reason": null
  },
  "metrics": {
    "mfu": {
      "mean": 5.862468031297323,
      "std": 0.0016829012252252817,
      "min": 5.861066798763439,
      "max": 5.864334652312691
    },
    "throughput": {
      "mean": 22032.715864269598,
      "std": 6.324790911450633,
      "min": 22027.449659300284,
      "max": 22039.731123071575
    },
    "step_time": {
      "mean": 1.487150497334369,
      "std": 0.0006946402328963781,
      "min": 1.4863499410021177,
      "max": 1.4875938710029004
    },
    "peak_memory": {
      "gib": 23.787109375,
      "pct": 30.042258102810067
    }
  }
}