{
  "config": {
    "type": "sft",
    "num_gpus": 2,
    "model_name": "Qwen/Qwen3-0.6B",
    "lora_rank": null,
    "seq_len": 8192,
    "ac": "Recompute",
    "attention": "flash_attention_2",
    "output": "/tmp/benchmark_result.json",
    "dry_run": false,
    "timeout": 1800,
    "micro_batches": 2,
    "docker_image": "primeintellect/prime-rl-jackmin@sha256:f6197cf716f6c2358437ad807e09cc877f3099102d044b47c51fe5bbd79a0e27",
    "device_name": "NVIDIA RTX A6000",
    "commit_sha": "unknown",
    "timestamp": "2026-01-12T20:07:23.380744+00:00",
    "success": true,
    "error_reason": null
  },
  "metrics": {
    "mfu": {
      "mean": 6.031363581778275,
      "std": 0.06298844488028804,
      "min": 5.992896128324121,
      "max": 6.10405509986453
    },
    "throughput": {
      "mean": 5885.657166384401,
      "std": 61.46676236350724,
      "min": 5848.11901435208,
      "max": 5956.5925939305525
    },
    "step_time": {
      "mean": 5.576765048666857,
      "std": 0.1987775789094111,
      "min": 5.3745943309913855,
      "max": 5.771966169006191
    },
    "peak_memory": {
      "gib": 24.958984375,
      "pct": 52.5055596357604
    }
  }
}