{
  "config": {
    "type": "rl",
    "num_gpus": 1,
    "model_name": "Qwen/Qwen3-0.6B",
    "lora_rank": 16,
    "seq_len": 8192,
    "ac": "Recompute",
    "attention": "flash_attention_2",
    "output": "/tmp/benchmark_result.json",
    "dry_run": false,
    "timeout": 1500,
    "micro_batches": 2,
    "docker_image": "primeintellect/prime-rl-jackmin@sha256:2100834906f848dd412c6eea279cb3f0a4da5be1810a43abdba698aee6af96cd",
    "device_name": "NVIDIA H100 80GB HBM3",
    "commit_sha": "unknown",
    "timestamp": "2026-01-14T00:45:15.736411+00:00",
    "success": true,
    "error_reason": null,
    "time_taken": 52.94970708497567
  },
  "metrics": {
    "mfu": {
      "mean": 5.533725077514433,
      "std": 0.006446770498034575,
      "min": 5.528580875999565,
      "max": 5.540956979011721
    },
    "throughput": {
      "mean": 10398.606154691304,
      "std": 12.114340058407162,
      "min": 10388.939515170157,
      "max": 10412.195860425947
    },
    "step_time": {
      "mean": 1.5757274366818212,
      "std": 0.0037921000782704614,
      "min": 1.5730981600063387,
      "max": 1.5800744340231176
    },
    "peak_memory": {
      "gib": 4.126953125,
      "pct": 5.212192410808577
    }
  }
}