{
  "config": {
    "type": "rl",
    "num_gpus": 8,
    "model_name": "Qwen/Qwen3-30B-A3B-Instruct-2507",
    "lora_rank": 16,
    "seq_len": 65536,
    "ac": "Recompute",
    "attention": "flash_attention_2",
    "output": "/tmp/benchmark_result.json",
    "dry_run": false,
    "timeout": 1500,
    "micro_batches": 2,
    "docker_image": "primeintellect/prime-rl-jackmin@sha256:2100834906f848dd412c6eea279cb3f0a4da5be1810a43abdba698aee6af96cd",
    "device_name": "NVIDIA H200",
    "commit_sha": "unknown",
    "timestamp": "2026-01-14T01:30:57.235624+00:00",
    "success": true,
    "error_reason": null,
    "time_taken": 370.0364212120003
  },
  "metrics": {
    "mfu": {
      "mean": 19.647943453557385,
      "std": 0.015048745035077936,
      "min": 19.637721480689766,
      "max": 19.665223999562148
    },
    "throughput": {
      "mean": 16443.413206505833,
      "std": 12.594332502841194,
      "min": 16434.858411748548,
      "max": 16457.8753388436
    },
    "step_time": {
      "mean": 63.801533006667036,
      "std": 0.08092172133754388,
      "min": 63.712315357999614,
      "max": 63.8701935120007
    },
    "peak_memory": {
      "gib": 64.16796875,
      "pct": 45.89955804351632
    }
  }
}