{
  "config": {
    "type": "sft",
    "num_gpus": 8,
    "model_name": "Qwen/Qwen3-4B-Instruct-2507",
    "lora_rank": null,
    "seq_len": 65536,
    "ac": "Recompute",
    "attention": "flash_attention_2",
    "output": "/tmp/benchmark_result.json",
    "dry_run": false,
    "timeout": 1500,
    "micro_batches": 2,
    "docker_image": "primeintellect/prime-rl-jackmin@sha256:2100834906f848dd412c6eea279cb3f0a4da5be1810a43abdba698aee6af96cd",
    "device_name": "NVIDIA B200",
    "commit_sha": "unknown",
    "timestamp": "2026-01-14T01:45:53.223601+00:00",
    "success": true,
    "error_reason": null,
    "time_taken": 212.43499727799963
  },
  "metrics": {
    "mfu": {
      "mean": 13.61307328807934,
      "std": 0.07763351296977669,
      "min": 13.5546836737825,
      "max": 13.70117439406522
    },
    "throughput": {
      "mean": 25363.033085144907,
      "std": 144.64194207289717,
      "min": 25254.24518046681,
      "max": 25527.177596723675
    },
    "step_time": {
      "mean": 40.992501206999805,
      "std": 0.5461814333495172,
      "min": 40.36315436999985,
      "max": 41.342615804999696
    },
    "peak_memory": {
      "gib": 171.52994791666666,
      "pct": 96.16998657436399
    }
  }
}