{
  "config": {
    "type": "rl",
    "num_gpus": 2,
    "model_name": "Qwen/Qwen3-4B",
    "lora_rank": 16,
    "seq_len": 8192,
    "ac": "Recompute",
    "attention": "flash_attention_2",
    "output": "/tmp/benchmark_result.json",
    "dry_run": false,
    "timeout": 1800,
    "micro_batches": 2,
    "docker_image": "primeintellect/prime-rl-jackmin@sha256:f6197cf716f6c2358437ad807e09cc877f3099102d044b47c51fe5bbd79a0e27",
    "device_name": "NVIDIA H100 80GB HBM3",
    "commit_sha": "unknown",
    "timestamp": "2026-01-12T20:04:15.846888+00:00",
    "success": true,
    "error_reason": null
  },
  "metrics": {
    "mfu": {
      "mean": 14.304277900961944,
      "std": 0.00618672521746643,
      "min": 14.29964047550846,
      "max": 14.311302597410393
    },
    "throughput": {
      "mean": 11162.622872405644,
      "std": 4.827931958252175,
      "min": 11159.003966803099,
      "max": 11168.104731594207
    },
    "step_time": {
      "mean": 2.9336234336709217,
      "std": 0.003316126500497635,
      "min": 2.9298375920043327,
      "max": 2.936013594007818
    },
    "peak_memory": {
      "gib": 33.80078125,
      "pct": 42.68916320939576
    }
  }
}