{
  "config": {
    "type": "rl",
    "num_gpus": 2,
    "model_name": "Qwen/Qwen3-0.6B",
    "lora_rank": 16,
    "seq_len": 8192,
    "ac": "Recompute",
    "attention": "flash_attention_2",
    "output": "/tmp/benchmark_result.json",
    "dry_run": false,
    "timeout": 1800,
    "micro_batches": 2,
    "docker_image": "primeintellect/prime-rl-jackmin@sha256:f6197cf716f6c2358437ad807e09cc877f3099102d044b47c51fe5bbd79a0e27",
    "device_name": "NVIDIA H100 80GB HBM3",
    "commit_sha": "unknown",
    "timestamp": "2026-01-12T20:06:06.520427+00:00",
    "success": true,
    "error_reason": null
  },
  "metrics": {
    "mfu": {
      "mean": 5.874256280097634,
      "std": 0.0018607348955652211,
      "min": 5.872586192281907,
      "max": 5.876261981669972
    },
    "throughput": {
      "mean": 22077.01924212479,
      "std": 6.9931371964604985,
      "min": 22070.742607418066,
      "max": 22084.557202692922
    },
    "step_time": {
      "mean": 1.483369389665313,
      "std": 0.001120014975999185,
      "min": 1.4821542389981914,
      "max": 1.4843603579938645
    },
    "peak_memory": {
      "gib": 23.787109375,
      "pct": 30.042258102810067
    }
  }
}