{
  "config": {
    "type": "rl",
    "num_gpus": 8,
    "model_name": "Qwen/Qwen3-30B-A3B-Instruct-2507",
    "lora_rank": null,
    "seq_len": 65536,
    "ac": "Recompute",
    "attention": "flash_attention_2",
    "output": "/tmp/benchmark_result.json",
    "dry_run": false,
    "timeout": 1500,
    "micro_batches": 2,
    "docker_image": "primeintellect/prime-rl-jackmin@sha256:2100834906f848dd412c6eea279cb3f0a4da5be1810a43abdba698aee6af96cd",
    "device_name": "NVIDIA B200",
    "commit_sha": "unknown",
    "timestamp": "2026-01-14T02:47:40.938352+00:00",
    "success": true,
    "error_reason": null,
    "time_taken": 410.013293643
  },
  "metrics": {
    "mfu": {
      "mean": 6.929429905082469,
      "std": 0.023625771685199956,
      "min": 6.903368875713752,
      "max": 6.949445700641876
    },
    "throughput": {
      "mean": 13052.593520496192,
      "std": 44.50259236893016,
      "min": 13003.503764522746,
      "max": 13090.296195464394
    },
    "step_time": {
      "mean": 48.68667347866661,
      "std": 0.387971135016024,
      "min": 48.455278563999855,
      "max": 49.134581557000274
    },
    "peak_memory": {
      "gib": 91.388671875,
      "pct": 51.23797595704709
    }
  }
}