{
  "config": {
    "type": "rl",
    "num_gpus": 8,
    "model_name": "PrimeIntellect/INTELLECT-3",
    "lora_rank": 16,
    "seq_len": 65536,
    "ac": "Recompute",
    "attention": "flash_attention_2",
    "output": "/tmp/benchmark_result.json",
    "dry_run": false,
    "timeout": 1500,
    "micro_batches": 2,
    "docker_image": "primeintellect/prime-rl-jackmin@sha256:9d9093cc3859822777c381cb8f4874098e8b28168760fccf5cfeab5fb88e2d13",
    "device_name": "NVIDIA B200",
    "commit_sha": "unknown",
    "timestamp": "2026-01-13T05:31:15.479889+00:00",
    "success": true,
    "error_reason": null
  },
  "metrics": {
    "mfu": {
      "mean": 5.84132694816217,
      "std": 0.033086269392495975,
      "min": 5.808351374048392,
      "max": 5.874522812792882
    },
    "throughput": {
      "mean": 5172.344994090976,
      "std": 29.297041816717027,
      "min": 5143.145970100659,
      "max": 5201.739079676479
    },
    "step_time": {
      "mean": 201.58144316000048,
      "std": 2.30146913151598,
      "min": 199.2750288060015,
      "max": 203.87793498400242
    },
    "peak_memory": {
      "gib": 153.607421875,
      "pct": 86.12154249949525
    }
  }
}