{
  "config": {
    "type": "rl",
    "num_gpus": 8,
    "model_name": "Qwen/Qwen3-30B-A3B-Instruct-2507",
    "lora_rank": 16,
    "seq_len": 16384,
    "ac": "Recompute",
    "attention": "flash_attention_2",
    "output": "/tmp/benchmark_result.json",
    "dry_run": false,
    "timeout": 1500,
    "micro_batches": 2,
    "docker_image": "primeintellect/prime-rl-jackmin@sha256:9d9093cc3859822777c381cb8f4874098e8b28168760fccf5cfeab5fb88e2d13",
    "device_name": "NVIDIA H100 80GB HBM3",
    "commit_sha": "unknown",
    "timestamp": "2026-01-13T02:22:29.880166+00:00",
    "success": true,
    "error_reason": null
  },
  "metrics": {
    "mfu": {
      "mean": 8.147538714486869,
      "std": 0.6325458121217004,
      "min": 7.598550588456619,
      "max": 8.839253621349766
    },
    "throughput": {
      "mean": 17633.633642929646,
      "std": 1369.0123489061505,
      "min": 16445.464328493246,
      "max": 19130.705050677076
    },
    "step_time": {
      "mean": 15.939772308000101,
      "std": 2.0009075680260757,
      "min": 13.702424122999219,
      "max": 17.557781879000686
    },
    "peak_memory": {
      "gib": 31.765625,
      "pct": 40.1036557691463
    }
  }
}