{
  "config": {
    "type": "rl",
    "num_gpus": 1,
    "model_name": "Qwen/Qwen3-0.6B",
    "lora_rank": null,
    "seq_len": 8192,
    "ac": "Recompute",
    "attention": "flash_attention_2",
    "output": "/tmp/benchmark_result.json",
    "dry_run": false,
    "timeout": 1500,
    "micro_batches": 2,
    "docker_image": "primeintellect/prime-rl-jackmin@sha256:9d9093cc3859822777c381cb8f4874098e8b28168760fccf5cfeab5fb88e2d13",
    "device_name": "NVIDIA H100 80GB HBM3",
    "commit_sha": "unknown",
    "timestamp": "2026-01-13T01:11:08.231624+00:00",
    "success": true,
    "error_reason": null
  },
  "metrics": {
    "mfu": {
      "mean": 5.785839478911174,
      "std": 0.3312667685319723,
      "min": 5.411794211354531,
      "max": 6.04218220571796
    },
    "throughput": {
      "mean": 8948.650249297998,
      "std": 512.3526951642356,
      "min": 8370.134324518247,
      "max": 9345.121913350622
    },
    "step_time": {
      "mean": 1.149354774330277,
      "std": 0.007315443217205874,
      "min": 1.1418031200009864,
      "max": 1.156408572991495
    },
    "peak_memory": {
      "gib": 11.783203125,
      "pct": 14.881759022436416
    }
  }
}