{
  "config": {
    "type": "rl",
    "num_gpus": 8,
    "model_name": "Qwen/Qwen3-4B-Instruct-2507",
    "lora_rank": 16,
    "seq_len": 65536,
    "ac": "Recompute",
    "attention": "flash_attention_2",
    "output": "/tmp/benchmark_result.json",
    "dry_run": false,
    "timeout": 1500,
    "micro_batches": 2,
    "docker_image": "primeintellect/prime-rl-jackmin@sha256:2100834906f848dd412c6eea279cb3f0a4da5be1810a43abdba698aee6af96cd",
    "device_name": "NVIDIA B200",
    "commit_sha": "unknown",
    "timestamp": "2026-01-14T01:50:36.993729+00:00",
    "success": true,
    "error_reason": null,
    "time_taken": 246.5077467860001
  },
  "metrics": {
    "mfu": {
      "mean": 12.433974694808212,
      "std": 0.001279232945363701,
      "min": 12.432991133439389,
      "max": 12.435420882221342
    },
    "throughput": {
      "mean": 25213.98557177516,
      "std": 2.5940668063933363,
      "min": 25211.99107663011,
      "max": 25216.91819384202
    },
    "step_time": {
      "mean": 41.58822845533329,
      "std": 0.008631724564916884,
      "min": 41.58189679099996,
      "max": 41.598060559999794
    },
    "peak_memory": {
      "gib": 28.810546875,
      "pct": 16.152922214579764
    }
  }
}