{
  "config": {
    "type": "rl",
    "num_gpus": 1,
    "model_name": "Qwen/Qwen3-0.6B",
    "lora_rank": 16,
    "seq_len": 8192,
    "ac": "Recompute",
    "attention": "flash_attention_2",
    "output": "/tmp/benchmark_result.json",
    "dry_run": false,
    "timeout": 1500,
    "micro_batches": 2,
    "docker_image": "primeintellect/prime-rl-jackmin@sha256:2100834906f848dd412c6eea279cb3f0a4da5be1810a43abdba698aee6af96cd",
    "device_name": "NVIDIA RTX A6000",
    "commit_sha": "unknown",
    "timestamp": "2026-01-14T00:59:49.692513+00:00",
    "success": true,
    "error_reason": null,
    "time_taken": 77.24940936699568
  },
  "metrics": {
    "mfu": {
      "mean": 6.253717657279657,
      "std": 0.011684340646328234,
      "min": 6.241273596348307,
      "max": 6.264454422177398
    },
    "throughput": {
      "mean": 3707.269198551194,
      "std": 6.9265992738075886,
      "min": 3699.8922291509234,
      "max": 3713.6340650160473
    },
    "step_time": {
      "mean": 4.417631429333899,
      "std": 0.02387853702988112,
      "min": 4.397694084997056,
      "max": 4.444094381004106
    },
    "peak_memory": {
      "gib": 4.107421875,
      "pct": 8.665118956106568
    }
  }
}