{
  "config": {
    "type": "rl",
    "num_gpus": 8,
    "model_name": "Qwen/Qwen3-4B-Instruct-2507",
    "lora_rank": 16,
    "seq_len": 16384,
    "ac": "Recompute",
    "attention": "flash_attention_2",
    "output": "/tmp/benchmark_result.json",
    "dry_run": false,
    "timeout": 1500,
    "micro_batches": 2,
    "docker_image": "primeintellect/prime-rl-jackmin@sha256:2100834906f848dd412c6eea279cb3f0a4da5be1810a43abdba698aee6af96cd",
    "device_name": "NVIDIA H200",
    "commit_sha": "unknown",
    "timestamp": "2026-01-14T01:20:14.443643+00:00",
    "success": true,
    "error_reason": null,
    "time_taken": 97.52592656400157
  },
  "metrics": {
    "mfu": {
      "mean": 18.666528592364855,
      "std": 0.00320953476515608,
      "min": 18.663204054533868,
      "max": 18.66960920523246
    },
    "throughput": {
      "mean": 42924.70266504639,
      "std": 7.380500600617295,
      "min": 42917.057708610715,
      "max": 42931.78670269772
    },
    "step_time": {
      "mean": 6.107732640000298,
      "std": 0.002165515296201037,
      "min": 6.105720689000009,
      "max": 6.110024499001156
    },
    "peak_memory": {
      "gib": 10.255859375,
      "pct": 7.336049774350283
    }
  }
}