{
  "config": {
    "type": "rl",
    "num_gpus": 1,
    "model_name": "Qwen/Qwen3-0.6B",
    "lora_rank": null,
    "seq_len": 65536,
    "ac": "Offload",
    "attention": "flash_attention_3",
    "output": "/tmp/benchmark_result.json",
    "dry_run": false,
    "timeout": 1500,
    "micro_batches": 2,
    "docker_image": "primeintellect/prime-rl-jackmin@sha256:2100834906f848dd412c6eea279cb3f0a4da5be1810a43abdba698aee6af96cd",
    "device_name": "NVIDIA H100 80GB HBM3",
    "commit_sha": "unknown",
    "timestamp": "2026-01-14T01:09:11.121624+00:00",
    "success": true,
    "error_reason": null,
    "time_taken": 73.65925071699894
  },
  "metrics": {
    "mfu": {
      "mean": 26.015962494870546,
      "std": 0.08701936409274495,
      "min": 25.923381154301698,
      "max": 26.096074626698815
    },
    "throughput": {
      "mean": 9848.916559887975,
      "std": 32.94310007607581,
      "min": 9813.86785090998,
      "max": 9879.244774804756
    },
    "step_time": {
      "mean": 12.506354091330044,
      "std": 0.029318752845022167,
      "min": 12.474011362995952,
      "max": 12.531188608001685
    },
    "peak_memory": {
      "gib": 16.083984375,
      "pct": 20.31349006294777
    }
  }
}