{
  "config": {
    "type": "rl",
    "num_gpus": 2,
    "model_name": "Qwen/Qwen3-4B",
    "lora_rank": null,
    "seq_len": 8192,
    "ac": "Recompute",
    "attention": "flash_attention_2",
    "output": "/tmp/benchmark_result.json",
    "dry_run": false,
    "timeout": 1800,
    "micro_batches": 2,
    "docker_image": "primeintellect/prime-rl-jackmin@sha256:04c57cdddfe41c4aeb5bf5aab7944ed7574162d78ced8a491acd276ee0e8f587",
    "device_name": "NVIDIA H100 80GB HBM3",
    "commit_sha": "unknown",
    "timestamp": "2026-01-12T21:22:30.081816+00:00",
    "success": true,
    "error_reason": null
  },
  "metrics": {
    "mfu": {
      "mean": 7.420093791683765,
      "std": 0.25865773580944196,
      "min": 7.1303208304552586,
      "max": 7.627650420691922
    },
    "throughput": {
      "mean": 4421.655230522397,
      "std": 154.13488866390352,
      "min": 4248.978689544437,
      "max": 4545.338822677539
    },
    "step_time": {
      "mean": 3.402798449669111,
      "std": 0.01496962140009202,
      "min": 3.386850852999487,
      "max": 3.41654677700717
    },
    "peak_memory": {
      "gib": 61.3515625,
      "pct": 77.48480265419737
    }
  }
}